FECHA CENSO,ANYO_EXPEDICION,MUNICIPIO,SEXO,GRUPO PERMISOS,HASTA 18,DE 19 A 24,DE 25 A 34,DE 35 A 44,DE 45 A 54,DE 55 A 64,DE 65 A 74,MÁS DE 74,Total
11/03/2019,2000,Madrid,M,A,0,0,0,0,9,12,1,3,25
11/03/2019,2000,Madrid,M,A1,0,0,0,1,1,2,0,0,4
11/03/2019,2000,Madrid,M,A2,0,0,0,0,0,0,1,0,1
11/03/2019,2000,Madrid,M,AM,0,0,5,644,1.868,1.361,578,396,4852
11/03/2019,2000,Madrid,M,B,0,1,0,55.803,114.879,108.634,64.705,14.588,358610
11/03/2019,2000,Madrid,M,"B,A,A2",0,0,0,705,3.969,2.967,1.561,4.410,13612
11/03/2019,2000,Madrid,M,"B,A1",0,0,0,607,1.063,466,74,14,2224
11/03/2019,2000,Madrid,M,"B,B+E",0,0,0,98,192,144,119,40,593
11/03/2019,2000,Madrid,M,"B,B+E,A,A2",0,0,0,7,24,21,18,25,95
11/03/2019,2000,Madrid,M,"B,B+E,A1",0,0,0,2,5,8,8,6,29
11/03/2019,2000,Madrid,M,BTP,0,0,0,28,63,47,10,0,148
11/03/2019,2000,Madrid,M,C,0,0,0,4,11,2,0,0,17
11/03/2019,2000,Madrid,M,"C,A,A2",0,0,0,0,6,0,1,0,7
11/03/2019,2000,Madrid,M,"C,B+E",0,0,0,1,0,0,0,0,1
11/03/2019,2000,Madrid,M,"C,C+E",0,0,0,6,9,24,14,3,56
11/03/2019,2000,Madrid,M,"C,C+E,A,A2",0,0,0,1,2,4,1,5,13
11/03/2019,2000,Madrid,M,C1,0,0,0,1,31,20,3,0,55
11/03/2019,2000,Madrid,M,"C1,A,A2",0,0,0,3,16,6,0,0,25
11/03/2019,2000,Madrid,M,"C1,A1",0,0,0,0,0,1,0,0,1
11/03/2019,2000,Madrid,M,"C1,B+E",0,0,0,3,11,2,0,0,16
11/03/2019,2000,Madrid,M,"C1,C1+E",0,0,0,36,94,19,5,1,155
11/03/2019,2000,Madrid,M,"C1,C1+E,A,",0,0,0,3,5,2,1,0,11
11/03/2019,2000,Madrid,M,D ,0,0,0,1,5,4,0,0,10
11/03/2019,2000,Madrid,M,"D,A,A2",0,0,0,3,2,1,0,0,6
11/03/2019,2000,Madrid,M,"D,D+E",0,0,0,4,40,18,8,0,70
11/03/2019,2000,Madrid,M,"D,D+E,A,A2",0,0,0,4,24,13,5,2,48
11/03/2019,2000,Madrid,M,"D1,D1+E",0,0,0,1,4,0,0,0,5
11/03/2019,2000,Madrid,M,LVA,0,0,0,0,0,0,1,0,1
11/03/2019,2000,Madrid,M,Otros,0,0,0,6.946,12.581,7.065,1.191,77,27860
11/03/2019,2000,Madrid,V,A,0,0,0,9,72,87,18,7,193
11/03/2019,2000,Madrid,V,A1,0,0,0,0,4,1,0,0,5
11/03/2019,2000,Madrid,V,A2,0,0,0,0,0,0,1,0,1
11/03/2019,2000,Madrid,V,AM,0,0,23,2.266,4.919,3.912,2.049,4.036,17205
11/03/2019,2000,Madrid,V,B,0,0,0,53.296,96.217,88.009,67.701,28.679,333902
11/03/2019,2000,Madrid,V,"B,A,A2",0,0,0,5.734,28.005,28.963,18.863,26.531,108096
11/03/2019,2000,Madrid,V,"B,A1",0,0,0,1.250,2.553,1.692,217,80,5792
11/03/2019,2000,Madrid,V,"B,B+E",0,0,0,206,990,2.966,5.241,2.705,12108
11/03/2019,2000,Madrid,V,"B,B+E,A,A2",0,0,0,51,526,1.570,3.811,9.508,15466
11/03/2019,2000,Madrid,V,"B,B+E,A1",0,0,0,6,21,47,34,24,132
11/03/2019,2000,Madrid,V,BTP,0,0,0,249,516,321,55,0,1141
11/03/2019,2000,Madrid,V,C,0,0,0,168,192,58,11,0,429
11/03/2019,2000,Madrid,V,"C,A,A2",0,0,0,73,80,37,4,0,194
11/03/2019,2000,Madrid,V,"C,A1",0,0,0,8,2,0,0,0,10
11/03/2019,2000,Madrid,V,"C,B+E",0,0,0,4,3,1,2,0,10
11/03/2019,2000,Madrid,V,"C,C+E",0,0,0,103,388,1.921,925,130,3467
11/03/2019,2000,Madrid,V,"C,C+E,A,A2",0,0,0,26,207,933,738,459,2363
11/03/2019,2000,Madrid,V,C1,0,0,0,149,1.627,1.013,132,7,2928
11/03/2019,2000,Madrid,V,"C1,A,A2",0,0,0,84,944,588,52,6,1674
11/03/2019,2000,Madrid,V,"C1,A1",0,0,0,4,26,21,1,0,52
11/03/2019,2000,Madrid,V,"C1,B+E",0,0,0,9,25,5,1,0,40
11/03/2019,2000,Madrid,V,"C1,C1+E",0,0,0,61,499,112,16,4,692
11/03/2019,2000,Madrid,V,"C1,C1+E,A,",0,0,0,15,211,60,3,1,290
11/03/2019,2000,Madrid,V,D ,0,0,0,36,71,27,2,0,136
11/03/2019,2000,Madrid,V,"D,A,A2",0,0,0,25,59,23,2,0,109
11/03/2019,2000,Madrid,V,"D,A1",0,0,0,2,0,0,0,0,2
11/03/2019,2000,Madrid,V,"D,B+E",0,0,0,1,1,0,0,0,2
11/03/2019,2000,Madrid,V,"D,C+E",0,0,0,0,0,1,0,0,1
11/03/2019,2000,Madrid,V,"D,D+E",0,0,0,129,2.168,2.435,739,63,5534
11/03/2019,2000,Madrid,V,"D,D+E,A,A2",0,0,0,173,2.009,2.067,913,416,5578
11/03/2019,2000,Madrid,V,D1,0,0,0,0,1,0,0,0,1
11/03/2019,2000,Madrid,V,"D1,B+E",0,0,0,0,1,0,0,0,1
11/03/2019,2000,Madrid,V,"D1,D1+E",0,0,0,4,9,2,0,0,15
11/03/2019,2000,Madrid,V,"D1,D1+E,A,",0,0,0,0,2,0,0,0,2
11/03/2019,2000,Madrid,V,LVA,0,0,0,0,1,4,5,4,14
11/03/2019,2000,Madrid,V,Otros,0,0,0,10.608,15.436,11.999,4.065,797,42905
11/03/2019,2001,Madrid,M,A,0,0,0,0,0,1,0,0,1
11/03/2019,2001,Madrid,M,AM,0,0,6,8,8,3,1,1,27
11/03/2019,2001,Madrid,M,B,0,0,2,10.059,2.295,642,126,11,13135
11/03/2019,2001,Madrid,M,"B,A,A2",0,0,0,64,86,8,0,0,158
11/03/2019,2001,Madrid,M,"B,A1",0,0,0,67,38,13,3,0,121
11/03/2019,2001,Madrid,M,"B,B+E",0,0,0,1,7,1,0,1,10
11/03/2019,2001,Madrid,M,"B,B+E,A,A2",0,0,0,1,0,1,0,0,2
11/03/2019,2001,Madrid,M,"B,B+E,A1",0,0,0,0,0,1,0,0,1
11/03/2019,2001,Madrid,M,BTP,0,0,0,0,0,2,2,0,4
11/03/2019,2001,Madrid,M,C,0,0,0,6,5,1,0,0,12
11/03/2019,2001,Madrid,M,"C,A,A2",0,0,0,1,0,0,0,0,1
11/03/2019,2001,Madrid,M,"C,C+E",0,0,0,2,0,0,0,0,2
11/03/2019,2001,Madrid,M,"C,C+E,A,A2",0,0,0,1,0,0,0,0,1
11/03/2019,2001,Madrid,M,"C1,A1",0,0,0,0,0,1,0,0,1
11/03/2019,2001,Madrid,M,"C1,C1+E,A,",0,0,0,2,0,0,0,0,2
11/03/2019,2001,Madrid,M,D ,0,0,0,3,2,1,1,0,7
11/03/2019,2001,Madrid,M,"D,A,A2",0,0,0,0,1,0,0,0,1
11/03/2019,2001,Madrid,M,"D,D+E",0,0,0,1,1,1,0,0,3
11/03/2019,2001,Madrid,M,"D,D+E,A,A2",0,0,0,0,1,0,0,0,1
11/03/2019,2001,Madrid,M,Otros,0,0,0,956,174,35,4,0,1169
11/03/2019,2001,Madrid,V,A,0,0,0,0,0,1,0,0,1
11/03/2019,2001,Madrid,V,AM,0,0,21,56,26,8,3,2,116
11/03/2019,2001,Madrid,V,B,0,0,5,8.165,1.161,274,61,9,9675
11/03/2019,2001,Madrid,V,"B,A,A2",0,0,0,508,506,94,13,1,1122
11/03/2019,2001,Madrid,V,"B,A1",0,0,0,124,78,41,13,1,257
11/03/2019,2001,Madrid,V,"B,B+E",0,0,0,19,18,8,1,1,47
11/03/2019,2001,Madrid,V,"B,B+E,A,A2",0,0,0,10,18,7,3,0,38
11/03/2019,2001,Madrid,V,"B,B+E,A1",0,0,0,1,2,2,2,2,9
11/03/2019,2001,Madrid,V,BTP,0,0,0,5,2,9,4,0,20
11/03/2019,2001,Madrid,V,C,0,0,0,71,75,23,3,0,172
11/03/2019,2001,Madrid,V,"C,A,A2",0,0,0,28,31,6,2,0,67
11/03/2019,2001,Madrid,V,"C,A1",0,0,0,3,1,0,0,0,4
11/03/2019,2001,Madrid,V,"C,B+E",0,0,0,1,0,0,0,0,1
11/03/2019,2001,Madrid,V,"C,C+E",0,0,0,20,21,5,0,0,46
11/03/2019,2001,Madrid,V,"C,C+E,A,A2",0,0,0,6,17,8,1,0,32
11/03/2019,2001,Madrid,V,C1,0,0,0,1,0,0,0,0,1
11/03/2019,2001,Madrid,V,"C1,A,A2",0,0,0,6,12,0,0,0,18
11/03/2019,2001,Madrid,V,"C1,A1",0,0,0,0,1,0,0,0,1
11/03/2019,2001,Madrid,V,"C1,C1+E",0,0,0,1,0,0,0,0,1
11/03/2019,2001,Madrid,V,"C1,C1+E,A,",0,0,0,1,5,0,0,0,6
11/03/2019,2001,Madrid,V,D ,0,0,0,19,38,10,1,0,68
11/03/2019,2001,Madrid,V,"D,A,A2",0,0,0,10,19,4,0,0,33
11/03/2019,2001,Madrid,V,"D,A1",0,0,0,1,1,0,0,0,2
11/03/2019,2001,Madrid,V,"D,B+E",0,0,0,1,1,0,0,0,2
11/03/2019,2001,Madrid,V,"D,C+E,A,A2",0,0,0,0,0,1,0,0,1
11/03/2019,2001,Madrid,V,"D,D+E",0,0,0,18,17,7,1,0,43
11/03/2019,2001,Madrid,V,"D,D+E,A,A2",0,0,0,19,41,20,3,0,83
11/03/2019,2001,Madrid,V,"D1,D1+E",0,0,0,0,1,0,0,0,1
11/03/2019,2001,Madrid,V,Otros,0,0,0,1.800,293,62,10,1,2166
11/03/2019,2002,Madrid,M,AM,0,0,5,15,7,7,3,0,37
11/03/2019,2002,Madrid,M,B,0,0,431,12.011,2.516,721,180,19,15878
11/03/2019,2002,Madrid,M,"B,A,A2",0,0,0,93,81,10,2,0,186
11/03/2019,2002,Madrid,M,"B,A1",0,0,13,63,60,9,4,0,149
11/03/2019,2002,Madrid,M,"B,B+E",0,0,0,6,7,1,0,0,14
11/03/2019,2002,Madrid,M,"B,B+E,A,A2",0,0,0,1,1,6,0,0,8
11/03/2019,2002,Madrid,M,"B,B+E,A1",0,0,0,1,0,0,1,1,3
11/03/2019,2002,Madrid,M,BTP,0,0,0,0,0,3,0,0,3
11/03/2019,2002,Madrid,M,C,0,0,0,1,8,0,0,0,9
11/03/2019,2002,Madrid,M,"C,A,A2",0,0,0,2,0,1,0,0,3
11/03/2019,2002,Madrid,M,"C,B+E",0,0,0,0,0,1,0,0,1
11/03/2019,2002,Madrid,M,"C,C+E",0,0,0,1,0,0,0,0,1
11/03/2019,2002,Madrid,M,"C1,A1",0,0,0,0,1,0,0,0,1
11/03/2019,2002,Madrid,M,D ,0,0,0,2,8,4,0,0,14
11/03/2019,2002,Madrid,M,"D,A,A2",0,0,0,0,3,1,0,0,4
11/03/2019,2002,Madrid,M,"D,D+E,A,A2",0,0,0,0,2,0,0,0,2
11/03/2019,2002,Madrid,M,Otros,0,0,56,1.029,173,31,3,0,1292
11/03/2019,2002,Madrid,V,A,0,0,0,2,1,1,0,0,4
11/03/2019,2002,Madrid,V,AM,0,0,18,42,30,14,2,2,108
11/03/2019,2002,Madrid,V,B,0,0,537,8.339,1.409,419,129,20,10853
11/03/2019,2002,Madrid,V,"B,A,A2",0,0,1,775,587,120,22,4,1509
11/03/2019,2002,Madrid,V,"B,A1",0,0,35,110,74,36,13,0,268
11/03/2019,2002,Madrid,V,"B,B+E",0,0,1,24,22,11,8,2,68
11/03/2019,2002,Madrid,V,"B,B+E,A,A2",0,0,0,17,19,14,5,1,56
11/03/2019,2002,Madrid,V,"B,B+E,A1",0,0,0,0,0,3,1,2,6
11/03/2019,2002,Madrid,V,BTP,0,0,0,1,1,16,0,0,18
11/03/2019,2002,Madrid,V,C,0,0,3,69,80,34,1,0,187
11/03/2019,2002,Madrid,V,"C,A,A2",0,0,0,39,39,15,2,0,95
11/03/2019,2002,Madrid,V,"C,A1",0,0,0,1,2,2,0,0,5
11/03/2019,2002,Madrid,V,"C,B+E",0,0,0,1,0,1,0,0,2
11/03/2019,2002,Madrid,V,"C,C+E",0,0,0,31,23,7,1,0,62
11/03/2019,2002,Madrid,V,"C,C+E,A,A2",0,0,0,16,19,5,1,0,41
11/03/2019,2002,Madrid,V,"C1,A,A2",0,0,0,1,9,3,0,0,13
11/03/2019,2002,Madrid,V,"C1,A1",0,0,0,0,2,0,0,0,2
11/03/2019,2002,Madrid,V,"C1,C1+E,A,",0,0,0,1,4,0,0,0,5
11/03/2019,2002,Madrid,V,D ,0,0,0,26,47,18,4,0,95
11/03/2019,2002,Madrid,V,"D,A,A2",0,0,0,26,32,8,1,0,67
11/03/2019,2002,Madrid,V,"D,A1",0,0,0,0,2,1,0,0,3
11/03/2019,2002,Madrid,V,"D,B+E",0,0,0,1,0,0,0,0,1
11/03/2019,2002,Madrid,V,"D,B+E,A,A2",0,0,0,3,0,0,0,0,3
11/03/2019,2002,Madrid,V,"D,C+E",0,0,0,0,1,0,0,0,1
11/03/2019,2002,Madrid,V,"D,D+E",0,0,0,27,15,7,2,0,51
11/03/2019,2002,Madrid,V,"D,D+E,A,A2",0,0,0,33,51,16,2,0,102
11/03/2019,2002,Madrid,V,D1,0,0,0,0,1,0,0,0,1
11/03/2019,2002,Madrid,V,"D1,D1+E",0,0,0,3,0,0,0,0,3
11/03/2019,2002,Madrid,V,Otros,0,0,130,1.819,286,59,6,1,2301
11/03/2019,2003,Madrid,M,AM,0,0,8,11,8,7,3,2,39
11/03/2019,2003,Madrid,M,B,0,0,2.607,10.917,2.614,753,169,16,17076
11/03/2019,2003,Madrid,M,"B,A,A2",0,0,1,94,78,14,0,0,187
11/03/2019,2003,Madrid,M,"B,A1",0,0,25,69,62,23,5,0,184
11/03/2019,2003,Madrid,M,"B,B+E",0,0,0,16,29,13,1,0,59
11/03/2019,2003,Madrid,M,"B,B+E,A,A2",0,0,0,2,3,2,0,0,7
11/03/2019,2003,Madrid,M,"B,B+E,A1",0,0,0,2,0,0,0,0,2
11/03/2019,2003,Madrid,M,BTP,0,0,0,1,6,4,0,0,11
11/03/2019,2003,Madrid,M,C,0,0,0,9,6,3,0,0,18
11/03/2019,2003,Madrid,M,"C,A,A2",0,0,0,1,3,0,0,0,4
11/03/2019,2003,Madrid,M,"C,A1",0,0,0,0,2,0,0,0,2
11/03/2019,2003,Madrid,M,"C,C+E",0,0,0,1,1,1,0,0,3
11/03/2019,2003,Madrid,M,"C,C+E,A,A2",0,0,0,0,2,1,0,0,3
11/03/2019,2003,Madrid,M,C1,0,0,0,0,1,0,0,0,1
11/03/2019,2003,Madrid,M,D ,0,0,0,4,9,5,0,0,18
11/03/2019,2003,Madrid,M,"D,A,A2",0,0,0,2,1,2,0,0,5
11/03/2019,2003,Madrid,M,"D,D+E",0,0,0,1,1,1,0,0,3
11/03/2019,2003,Madrid,M,"D,D+E,A,A2",0,0,0,0,2,0,0,0,2
11/03/2019,2003,Madrid,M,Otros,0,0,317,807,153,24,7,0,1308
11/03/2019,2003,Madrid,V,A,0,0,0,0,1,0,0,0,1
11/03/2019,2003,Madrid,V,AM,0,0,26,41,23,12,1,1,104
11/03/2019,2003,Madrid,V,B,0,0,2.644,7.017,1.780,652,163,24,12280
11/03/2019,2003,Madrid,V,"B,A,A2",0,0,8,927,612,135,30,1,1713
11/03/2019,2003,Madrid,V,"B,A1",0,0,53,71,91,33,10,0,258
11/03/2019,2003,Madrid,V,"B,B+E",0,0,2,187,287,180,44,1,701
11/03/2019,2003,Madrid,V,"B,B+E,A,A2",0,0,0,32,29,20,5,1,87
11/03/2019,2003,Madrid,V,"B,B+E,A1",0,0,0,2,2,1,6,0,11
11/03/2019,2003,Madrid,V,BTP,0,0,0,9,18,15,2,0,44
11/03/2019,2003,Madrid,V,C,0,0,1,100,90,52,5,0,248
11/03/2019,2003,Madrid,V,"C,A,A2",0,0,0,43,39,10,1,0,93
11/03/2019,2003,Madrid,V,"C,A1",0,0,0,2,1,2,0,0,5
11/03/2019,2003,Madrid,V,"C,B+E",0,0,0,1,3,0,0,0,4
11/03/2019,2003,Madrid,V,"C,C+E",0,0,4,39,43,19,2,0,107
11/03/2019,2003,Madrid,V,"C,C+E,A,A2",0,0,1,18,21,8,0,0,48
11/03/2019,2003,Madrid,V,"C1,A,A2",0,0,0,3,5,2,0,0,10
11/03/2019,2003,Madrid,V,"C1,A1",0,0,0,0,1,2,0,0,3
11/03/2019,2003,Madrid,V,"C1,C1+E",0,0,0,0,2,0,0,0,2
11/03/2019,2003,Madrid,V,"C1,C1+E,A,",0,0,0,0,4,0,0,0,4
11/03/2019,2003,Madrid,V,D ,0,0,0,24,42,17,0,0,83
11/03/2019,2003,Madrid,V,"D,A,A2",0,0,0,27,18,7,0,0,52
11/03/2019,2003,Madrid,V,"D,A1",0,0,0,1,0,0,0,0,1
11/03/2019,2003,Madrid,V,"D,B+E",0,0,0,1,0,0,0,0,1
11/03/2019,2003,Madrid,V,"D,B+E,A,A2",0,0,0,1,0,0,0,0,1
11/03/2019,2003,Madrid,V,"D,D+E",0,0,0,22,25,15,1,0,63
11/03/2019,2003,Madrid,V,"D,D+E,A,A2",0,0,0,40,39,20,3,0,102
11/03/2019,2003,Madrid,V,"D1,D1+E",0,0,0,2,1,0,0,0,3
11/03/2019,2003,Madrid,V,Otros,0,0,561,1.420,306,61,12,0,2360
11/03/2019,2004,Madrid,M,A1,0,0,0,0,1,0,0,0,1
11/03/2019,2004,Madrid,M,AM,0,0,12,9,7,7,5,1,41
11/03/2019,2004,Madrid,M,B,0,0,4.892,9.461,2.861,957,211,24,18406
11/03/2019,2004,Madrid,M,"B,A,A2",0,0,1,150,90,16,4,0,261
11/03/2019,2004,Madrid,M,"B,A1",0,0,36,37,27,5,0,0,105
11/03/2019,2004,Madrid,M,"B,B+E",0,0,1,54,116,74,8,1,254
11/03/2019,2004,Madrid,M,"B,B+E,A,A2",0,0,0,0,1,0,0,0,1
11/03/2019,2004,Madrid,M,"B,B+E,A1",0,0,0,0,0,0,1,0,1
11/03/2019,2004,Madrid,M,BTP,0,0,0,10,30,9,0,0,49
11/03/2019,2004,Madrid,M,C,0,0,0,8,10,1,0,0,19
11/03/2019,2004,Madrid,M,"C,A,A2",0,0,0,4,3,3,0,0,10
11/03/2019,2004,Madrid,M,"C,B+E",0,0,0,0,3,2,0,0,5
11/03/2019,2004,Madrid,M,"C,C+E",0,0,0,1,1,1,0,0,3
11/03/2019,2004,Madrid,M,"C,C+E,A,A2",0,0,0,3,0,0,0,0,3
11/03/2019,2004,Madrid,M,C1,0,0,0,0,3,0,0,0,3
11/03/2019,2004,Madrid,M,"C1,B+E",0,0,0,1,0,0,0,0,1
11/03/2019,2004,Madrid,M,D ,0,0,0,8,11,7,1,0,27
11/03/2019,2004,Madrid,M,"D,A,A2",0,0,0,2,2,0,0,0,4
11/03/2019,2004,Madrid,M,"D,B+E",0,0,0,0,1,0,0,0,1
11/03/2019,2004,Madrid,M,"D,D+E",0,0,0,2,3,0,0,0,5
11/03/2019,2004,Madrid,M,"D,D+E,A,A2",0,0,0,1,0,0,0,0,1
11/03/2019,2004,Madrid,M,Otros,0,0,498,620,172,24,3,0,1317
11/03/2019,2004,Madrid,V,A,0,0,0,1,2,1,0,0,4
11/03/2019,2004,Madrid,V,A1,0,0,0,0,1,1,0,0,2
11/03/2019,2004,Madrid,V,AM,0,0,44,30,21,15,2,1,113
11/03/2019,2004,Madrid,V,B,0,0,4.016,6.361,3.167,1.477,335,41,15397
11/03/2019,2004,Madrid,V,"B,A,A2",0,0,19,1.096,638,135,22,3,1913
11/03/2019,2004,Madrid,V,"B,A1",0,0,59,79,54,22,9,1,224
11/03/2019,2004,Madrid,V,"B,B+E",0,0,7,493,943,564,118,12,2137
11/03/2019,2004,Madrid,V,"B,B+E,A,A2",0,0,0,30,29,26,10,1,96
11/03/2019,2004,Madrid,V,"B,B+E,A1",0,0,0,0,2,1,0,1,4
11/03/2019,2004,Madrid,V,BTP,0,0,5,59,82,28,5,0,179
11/03/2019,2004,Madrid,V,C,0,0,1,109,116,31,2,0,259
11/03/2019,2004,Madrid,V,"C,A,A2",0,0,0,75,57,21,2,1,156
11/03/2019,2004,Madrid,V,"C,A1",0,0,0,1,3,0,0,0,4
11/03/2019,2004,Madrid,V,"C,B+E",0,0,0,21,48,24,0,0,93
11/03/2019,2004,Madrid,V,"C,C+E",0,0,10,51,85,39,6,0,191
11/03/2019,2004,Madrid,V,"C,C+E,A,A2",0,0,0,35,33,8,0,0,76
11/03/2019,2004,Madrid,V,C1,0,0,0,0,0,1,0,0,1
11/03/2019,2004,Madrid,V,"C1,A,A2",0,0,0,2,6,1,0,0,9
11/03/2019,2004,Madrid,V,"C1,A1",0,0,0,0,3,0,0,0,3
11/03/2019,2004,Madrid,V,"C1,C1+E,A,",0,0,0,1,3,0,0,0,4
11/03/2019,2004,Madrid,V,D ,0,0,0,40,58,21,1,0,120
11/03/2019,2004,Madrid,V,"D,A,A2",0,0,0,27,35,16,0,0,78
11/03/2019,2004,Madrid,V,"D,B+E",0,0,0,7,8,7,0,0,22
11/03/2019,2004,Madrid,V,"D,B+E,A,A2",0,0,0,1,0,0,0,0,1
11/03/2019,2004,Madrid,V,"D,C+E",0,0,0,0,1,0,0,0,1
11/03/2019,2004,Madrid,V,"D,D+E",0,0,0,38,54,32,3,0,127
11/03/2019,2004,Madrid,V,"D,D+E,A,A2",0,0,0,42,47,14,1,1,105
11/03/2019,2004,Madrid,V,D1,0,0,0,0,1,0,0,0,1
11/03/2019,2004,Madrid,V,Otros,0,0,776,1.254,392,84,14,1,2521
11/03/2019,2005,Madrid,M,A,0,0,0,1,2,0,0,0,3
11/03/2019,2005,Madrid,M,AM,0,0,11,14,8,17,6,0,56
11/03/2019,2005,Madrid,M,B,0,0,6.715,8.016,2.281,739,170,9,17930
11/03/2019,2005,Madrid,M,"B,A,A2",0,0,8,187,75,19,0,1,290
11/03/2019,2005,Madrid,M,"B,A1",0,0,32,17,3,0,0,0,52
11/03/2019,2005,Madrid,M,"B,B+E",0,0,2,23,18,5,2,0,50
11/03/2019,2005,Madrid,M,"B,B+E,A,A2",0,0,0,3,2,0,0,0,5
11/03/2019,2005,Madrid,M,BTP,0,0,2,20,29,5,0,0,56
11/03/2019,2005,Madrid,M,C,0,0,2,10,8,1,0,0,21
11/03/2019,2005,Madrid,M,"C,A,A2",0,0,0,8,3,0,0,0,11
11/03/2019,2005,Madrid,M,"C,C+E",0,0,0,0,1,0,0,0,1
11/03/2019,2005,Madrid,M,"C,C+E,A,A2",0,0,0,2,0,0,0,0,2
11/03/2019,2005,Madrid,M,"C1,A,A2",0,0,1,1,0,0,0,0,2
11/03/2019,2005,Madrid,M,D ,0,0,0,12,21,2,0,0,35
11/03/2019,2005,Madrid,M,"D,A,A2",0,0,0,2,4,0,0,0,6
11/03/2019,2005,Madrid,M,"D,A1",0,0,0,0,2,0,0,0,2
11/03/2019,2005,Madrid,M,"D,D+E",0,0,0,1,2,0,0,0,3
11/03/2019,2005,Madrid,M,"D,D+E,A,A2",0,0,0,0,1,0,0,0,1
11/03/2019,2005,Madrid,M,Otros,0,0,595,571,147,32,1,1,1347
11/03/2019,2005,Madrid,V,A,0,0,0,1,4,2,0,0,7
11/03/2019,2005,Madrid,V,A1,0,0,0,0,1,0,0,0,1
11/03/2019,2005,Madrid,V,AM,0,0,59,46,23,19,8,6,161
11/03/2019,2005,Madrid,V,B,0,0,5.824,5.136,1.880,776,198,17,13831
11/03/2019,2005,Madrid,V,"B,A,A2",0,0,58,1.357,567,150,20,8,2160
11/03/2019,2005,Madrid,V,"B,A1",0,0,55,17,4,1,2,0,79
11/03/2019,2005,Madrid,V,"B,B+E",0,0,5,113,113,77,22,1,331
11/03/2019,2005,Madrid,V,"B,B+E,A,A2",0,0,1,28,10,16,3,0,58
11/03/2019,2005,Madrid,V,"B,B+E,A1",0,0,1,1,1,0,0,0,3
11/03/2019,2005,Madrid,V,BTP,0,0,6,79,102,22,0,0,209
11/03/2019,2005,Madrid,V,C,0,0,4,123,116,40,2,0,285
11/03/2019,2005,Madrid,V,"C,A,A2",0,0,1,91,52,19,1,0,164
11/03/2019,2005,Madrid,V,"C,A1",0,0,0,1,0,0,0,0,1
11/03/2019,2005,Madrid,V,"C,B+E",0,0,0,4,5,0,0,0,9
11/03/2019,2005,Madrid,V,"C,C+E",0,0,13,60,38,22,1,0,134
11/03/2019,2005,Madrid,V,"C,C+E,A,A2",0,0,1,23,15,10,0,0,49
11/03/2019,2005,Madrid,V,C1,0,0,0,0,1,0,0,0,1
11/03/2019,2005,Madrid,V,"C1,A,A2",0,0,1,7,5,1,0,0,14
11/03/2019,2005,Madrid,V,"C1,B+E",0,0,0,0,1,1,0,0,2
11/03/2019,2005,Madrid,V,"C1,C1+E",0,0,0,0,1,0,0,0,1
11/03/2019,2005,Madrid,V,"C1,C1+E,A,",0,0,0,2,1,0,0,0,3
11/03/2019,2005,Madrid,V,D ,0,0,0,61,71,26,1,0,159
11/03/2019,2005,Madrid,V,"D,A,A2",0,0,1,39,33,6,0,0,79
11/03/2019,2005,Madrid,V,"D,A1",0,0,0,1,1,0,0,0,2
11/03/2019,2005,Madrid,V,"D,B+E",0,0,0,2,2,0,0,0,4
11/03/2019,2005,Madrid,V,"D,B+E,A,A2",0,0,0,1,0,0,0,0,1
11/03/2019,2005,Madrid,V,"D,D+E",0,0,0,40,38,14,0,0,92
11/03/2019,2005,Madrid,V,"D,D+E,A,A2",0,0,0,60,45,20,4,0,129
11/03/2019,2005,Madrid,V,D1,0,0,0,0,2,0,0,0,2
11/03/2019,2005,Madrid,V,"D1,D1+E,A,",0,0,0,0,2,0,0,0,2
11/03/2019,2005,Madrid,V,Otros,0,0,1.060,1.175,315,59,2,0,2611
11/03/2019,2006,Madrid,M,A,0,0,0,1,0,0,0,0,1
11/03/2019,2006,Madrid,M,A1,0,0,0,0,1,0,0,0,1
11/03/2019,2006,Madrid,M,AM,0,0,17,17,23,9,6,1,73
11/03/2019,2006,Madrid,M,B,0,0,9.126,7.688,2.468,938,166,17,20403
11/03/2019,2006,Madrid,M,"B,A,A2",0,0,27,270,119,18,1,2,437
11/03/2019,2006,Madrid,M,"B,A1",0,0,45,6,2,1,0,0,54
11/03/2019,2006,Madrid,M,"B,B+E",0,0,1,25,46,22,5,0,99
11/03/2019,2006,Madrid,M,"B,B+E,A,A2",0,0,0,6,1,0,0,0,7
11/03/2019,2006,Madrid,M,"B,B+E,A1",0,0,0,0,1,0,0,0,1
11/03/2019,2006,Madrid,M,BTP,0,0,0,3,6,13,1,0,23
11/03/2019,2006,Madrid,M,C,0,0,0,25,23,5,0,0,53
11/03/2019,2006,Madrid,M,"C,A,A2",0,0,0,13,2,0,0,0,15
11/03/2019,2006,Madrid,M,"C,B+E",0,0,0,0,1,0,0,0,1
11/03/2019,2006,Madrid,M,"C,C+E",0,0,0,6,2,0,0,0,8
11/03/2019,2006,Madrid,M,"C,C+E,A,A2",0,0,0,1,0,0,0,0,1
11/03/2019,2006,Madrid,M,C1,0,0,0,1,0,0,0,0,1
11/03/2019,2006,Madrid,M,"C1,A,A2",0,0,1,0,0,0,0,0,1
11/03/2019,2006,Madrid,M,D ,0,0,0,15,20,4,0,0,39
11/03/2019,2006,Madrid,M,"D,A,A2",0,0,0,12,4,0,0,0,16
11/03/2019,2006,Madrid,M,"D,D+E",0,0,0,2,4,1,0,0,7
11/03/2019,2006,Madrid,M,"D,D+E,A,A2",0,0,0,3,0,0,0,0,3
11/03/2019,2006,Madrid,M,Otros,0,0,768,524,149,29,3,0,1473
11/03/2019,2006,Madrid,V,A,0,0,0,3,7,5,1,0,16
11/03/2019,2006,Madrid,V,A1,0,0,1,0,0,0,0,0,1
11/03/2019,2006,Madrid,V,AM,0,0,79,39,39,19,6,0,182
11/03/2019,2006,Madrid,V,B,0,0,7.087,5.631,2.431,971,219,23,16362
11/03/2019,2006,Madrid,V,"B,A,A2",0,0,149,1.602,698,157,22,4,2632
11/03/2019,2006,Madrid,V,"B,A1",0,0,79,11,3,0,0,1,94
11/03/2019,2006,Madrid,V,"B,B+E",0,0,8,277,402,253,52,7,999
11/03/2019,2006,Madrid,V,"B,B+E,A,A2",0,0,3,37,35,26,8,0,109
11/03/2019,2006,Madrid,V,"B,B+E,A1",0,0,0,0,2,0,0,1,3
11/03/2019,2006,Madrid,V,BTP,0,0,3,14,14,18,2,0,51
11/03/2019,2006,Madrid,V,C,0,0,13,169,179,58,4,0,423
11/03/2019,2006,Madrid,V,"C,A,A2",0,0,5,112,71,15,0,0,203
11/03/2019,2006,Madrid,V,"C,A1",0,0,1,5,2,1,0,0,9
11/03/2019,2006,Madrid,V,"C,B+E",0,0,0,4,6,4,0,0,14
11/03/2019,2006,Madrid,V,"C,C+E",0,0,14,84,93,23,3,0,217
11/03/2019,2006,Madrid,V,"C,C+E,A,A2",0,0,1,40,23,12,0,0,76
11/03/2019,2006,Madrid,V,C1,0,0,1,0,0,0,0,0,1
11/03/2019,2006,Madrid,V,"C1,A,A2",0,0,2,11,13,0,0,0,26
11/03/2019,2006,Madrid,V,"C1,A1",0,0,0,1,0,0,0,0,1
11/03/2019,2006,Madrid,V,"C1,C1+E,A,",0,0,0,2,6,0,0,0,8
11/03/2019,2006,Madrid,V,D ,0,0,3,61,63,23,4,0,154
11/03/2019,2006,Madrid,V,"D,A,A2",0,0,0,49,33,14,2,0,98
11/03/2019,2006,Madrid,V,"D,A1",0,0,0,5,0,1,0,0,6
11/03/2019,2006,Madrid,V,"D,B+E",0,0,0,0,1,1,0,0,2
11/03/2019,2006,Madrid,V,"D,B+E,A,A2",0,0,0,3,0,0,0,0,3
11/03/2019,2006,Madrid,V,"D,D+E",0,0,1,33,46,34,3,0,117
11/03/2019,2006,Madrid,V,"D,D+E,A,A2",0,0,2,65,52,16,2,0,137
11/03/2019,2006,Madrid,V,"D1,D1+E",0,0,0,0,1,0,0,0,1
11/03/2019,2006,Madrid,V,Otros,0,0,1.284,1.118,307,52,9,0,2770
11/03/2019,2007,Madrid,M,A,0,0,0,0,1,0,0,0,1
11/03/2019,2007,Madrid,M,AM,0,0,16,21,21,10,5,1,74
11/03/2019,2007,Madrid,M,B,0,0,9.262,6.185,2.128,755,146,16,18492
11/03/2019,2007,Madrid,M,"B,A,A2",0,0,51,356,107,29,1,0,544
11/03/2019,2007,Madrid,M,"B,A1",0,0,33,3,2,0,1,0,39
11/03/2019,2007,Madrid,M,"B,B+E",0,0,1,38,60,34,7,0,140
11/03/2019,2007,Madrid,M,"B,B+E,A,A2",0,0,0,1,1,0,0,0,2
11/03/2019,2007,Madrid,M,"B,B+E,A1",0,0,0,0,1,1,0,0,2
11/03/2019,2007,Madrid,M,BTP,0,0,1,8,2,12,1,0,24
11/03/2019,2007,Madrid,M,C,0,0,5,34,21,6,1,0,67
11/03/2019,2007,Madrid,M,"C,A,A2",0,0,1,11,1,0,0,0,13
11/03/2019,2007,Madrid,M,"C,A1",0,0,0,2,0,0,0,0,2
11/03/2019,2007,Madrid,M,"C,B+E",0,0,0,1,1,0,0,0,2
11/03/2019,2007,Madrid,M,"C,C+E",0,0,0,2,0,0,0,0,2
11/03/2019,2007,Madrid,M,"C,C+E,A,A2",0,0,0,3,0,0,0,0,3
11/03/2019,2007,Madrid,M,"C1,A,A2",0,0,1,3,0,0,0,0,4
11/03/2019,2007,Madrid,M,D ,0,0,3,21,30,12,0,0,66
11/03/2019,2007,Madrid,M,"D,A,A2",0,0,0,4,5,2,0,0,11
11/03/2019,2007,Madrid,M,"D,D+E",0,0,0,4,3,0,0,0,7
11/03/2019,2007,Madrid,M,"D,D+E,A,A2",0,0,0,2,1,1,0,0,4
11/03/2019,2007,Madrid,M,"D1,D1+E,A,",0,0,0,0,1,0,0,0,1
11/03/2019,2007,Madrid,M,Otros,0,0,833,393,151,26,7,0,1410
11/03/2019,2007,Madrid,V,A,0,0,0,4,5,6,0,0,15
11/03/2019,2007,Madrid,V,AM,0,0,74,54,34,21,9,2,194
11/03/2019,2007,Madrid,V,B,0,0,8.059,4.832,2.050,821,154,18,15934
11/03/2019,2007,Madrid,V,"B,A,A2",0,0,289,1.817,852,259,42,5,3264
11/03/2019,2007,Madrid,V,"B,A1",0,0,89,11,7,2,0,0,109
11/03/2019,2007,Madrid,V,"B,B+E",0,0,21,303,372,225,47,3,971
11/03/2019,2007,Madrid,V,"B,B+E,A,A2",0,0,2,40,30,16,3,1,92
11/03/2019,2007,Madrid,V,"B,B+E,A1",0,0,0,0,2,3,0,0,5
11/03/2019,2007,Madrid,V,BTP,0,0,8,17,19,58,5,0,107
11/03/2019,2007,Madrid,V,C,0,0,45,240,217,62,8,0,572
11/03/2019,2007,Madrid,V,"C,A,A2",0,0,10,133,96,27,1,0,267
11/03/2019,2007,Madrid,V,"C,A1",0,0,1,3,5,1,0,0,10
11/03/2019,2007,Madrid,V,"C,B+E",0,0,0,5,12,1,1,0,19
11/03/2019,2007,Madrid,V,"C,C+E",0,0,14,66,65,18,1,0,164
11/03/2019,2007,Madrid,V,"C,C+E,A,A2",0,0,4,40,27,12,1,0,84
11/03/2019,2007,Madrid,V,C1,0,0,0,1,0,0,0,0,1
11/03/2019,2007,Madrid,V,"C1,A,A2",0,0,1,5,14,1,0,0,21
11/03/2019,2007,Madrid,V,"C1,A1",0,0,1,0,0,0,0,0,1
11/03/2019,2007,Madrid,V,"C1,C1+E,A,",0,0,0,0,5,1,0,0,6
11/03/2019,2007,Madrid,V,D ,0,0,9,82,80,26,2,0,199
11/03/2019,2007,Madrid,V,"D,A,A2",0,0,3,49,38,8,0,0,98
11/03/2019,2007,Madrid,V,"D,A1",0,0,0,1,1,0,0,0,2
11/03/2019,2007,Madrid,V,"D,B+E",0,0,0,1,1,1,0,0,3
11/03/2019,2007,Madrid,V,"D,B+E,A,A2",0,0,0,0,2,0,0,0,2
11/03/2019,2007,Madrid,V,"D,D+E",0,0,6,42,32,19,1,0,100
11/03/2019,2007,Madrid,V,"D,D+E,A,A2",0,0,6,77,43,14,1,0,141
11/03/2019,2007,Madrid,V,D1,0,0,1,0,0,0,0,0,1
11/03/2019,2007,Madrid,V,"D1,D1+E,A,",0,0,0,1,0,0,0,0,1
11/03/2019,2007,Madrid,V,Otros,0,0,1.532,1.134,333,99,10,1,3109
11/03/2019,2008,Madrid,M,A1,0,0,0,1,0,0,0,0,1
11/03/2019,2008,Madrid,M,AM,0,0,11,17,9,10,4,1,52
11/03/2019,2008,Madrid,M,B,0,0,10.313,5.406,2.035,710,98,12,18574
11/03/2019,2008,Madrid,M,"B,A,A2",0,0,86,404,116,5,3,0,614
11/03/2019,2008,Madrid,M,"B,A1",0,0,35,6,9,1,0,0,51
11/03/2019,2008,Madrid,M,"B,B+E",0,0,10,40,46,38,7,0,141
11/03/2019,2008,Madrid,M,"B,B+E,A,A2",0,0,0,2,3,0,1,0,6
11/03/2019,2008,Madrid,M,BTP,0,0,7,9,11,2,1,0,30
11/03/2019,2008,Madrid,M,C,0,0,15,31,19,2,1,0,68
11/03/2019,2008,Madrid,M,"C,A,A2",0,0,2,9,2,2,0,0,15
11/03/2019,2008,Madrid,M,"C,A1",0,0,1,0,0,0,0,0,1
11/03/2019,2008,Madrid,M,"C,C+E",0,0,0,4,2,1,0,0,7
11/03/2019,2008,Madrid,M,"C,C+E,A,A2",0,0,0,0,1,0,0,0,1
11/03/2019,2008,Madrid,M,C1,0,0,1,1,1,0,0,0,3
11/03/2019,2008,Madrid,M,"C1,A,A2",0,0,2,0,0,0,0,0,2
11/03/2019,2008,Madrid,M,D ,0,0,7,22,33,6,0,0,68
11/03/2019,2008,Madrid,M,"D,A,A2",0,0,0,5,4,0,0,0,9
11/03/2019,2008,Madrid,M,"D,A1",0,0,0,1,0,0,0,0,1
11/03/2019,2008,Madrid,M,"D,D+E",0,0,0,5,1,2,0,0,8
11/03/2019,2008,Madrid,M,"D,D+E,A,A2",0,0,0,2,0,0,0,0,2
11/03/2019,2008,Madrid,M,Otros,0,0,940,376,135,31,6,0,1488
11/03/2019,2008,Madrid,V,A,0,0,0,5,10,2,0,0,17
11/03/2019,2008,Madrid,V,A1,0,0,1,0,0,0,0,0,1
11/03/2019,2008,Madrid,V,AM,0,1,46,47,24,15,7,1,141
11/03/2019,2008,Madrid,V,B,0,0,9.522,4.891,2.223,799,155,24,17614
11/03/2019,2008,Madrid,V,"B,A,A2",0,0,580,2.363,908,255,44,3,4153
11/03/2019,2008,Madrid,V,"B,A1",0,0,100,10,4,3,1,0,118
11/03/2019,2008,Madrid,V,"B,B+E",0,0,23,255,331,250,50,3,912
11/03/2019,2008,Madrid,V,"B,B+E,A,A2",0,0,3,54,33,27,4,0,121
11/03/2019,2008,Madrid,V,"B,B+E,A1",0,0,1,0,1,2,0,0,4
11/03/2019,2008,Madrid,V,BTP,0,0,13,40,40,9,0,0,102
11/03/2019,2008,Madrid,V,C,0,0,65,228,201,55,3,0,552
11/03/2019,2008,Madrid,V,"C,A,A2",0,0,25,149,87,28,2,0,291
11/03/2019,2008,Madrid,V,"C,A1",0,0,0,4,7,0,0,0,11
11/03/2019,2008,Madrid,V,"C,B+E",0,0,1,10,14,3,0,0,28
11/03/2019,2008,Madrid,V,"C,C+E",0,0,18,72,48,19,1,0,158
11/03/2019,2008,Madrid,V,"C,C+E,A,A2",0,0,7,59,18,11,0,0,95
11/03/2019,2008,Madrid,V,C1,0,0,2,0,2,0,0,0,4
11/03/2019,2008,Madrid,V,"C1,A,A2",0,0,4,3,10,1,0,0,18
11/03/2019,2008,Madrid,V,"C1,B+E",0,0,0,0,1,0,0,0,1
11/03/2019,2008,Madrid,V,"C1,C1+E",0,0,0,0,0,1,0,0,1
11/03/2019,2008,Madrid,V,"C1,C1+E,A,",0,0,0,1,5,0,0,0,6
11/03/2019,2008,Madrid,V,D ,0,0,16,83,81,28,2,0,210
11/03/2019,2008,Madrid,V,"D,A,A2",0,0,13,62,49,7,1,0,132
11/03/2019,2008,Madrid,V,"D,A1",0,0,1,2,0,1,0,0,4
11/03/2019,2008,Madrid,V,"D,B+E",0,0,0,4,1,1,0,0,6
11/03/2019,2008,Madrid,V,"D,B+E,A,A2",0,0,0,3,1,0,0,0,4
11/03/2019,2008,Madrid,V,"D,D+E",0,0,4,59,35,17,1,0,116
11/03/2019,2008,Madrid,V,"D,D+E,A,A2",0,0,8,111,55,10,3,0,187
11/03/2019,2008,Madrid,V,D1,0,0,0,0,0,1,0,0,1
11/03/2019,2008,Madrid,V,"D1,D1+E",0,0,0,1,0,0,0,0,1
11/03/2019,2008,Madrid,V,"D1,D1+E,A,",0,0,0,1,3,0,0,0,4
11/03/2019,2008,Madrid,V,Otros,0,0,1.783,942,365,84,6,0,3180
11/03/2019,2009,Madrid,M,A,0,0,0,3,2,0,0,0,5
11/03/2019,2009,Madrid,M,AM,0,4,4,7,0,0,1,0,16
11/03/2019,2009,Madrid,M,B,0,0,10.323,5.962,2.089,571,114,12,19071
11/03/2019,2009,Madrid,M,"B,A,A2",0,0,193,538,138,22,3,0,894
11/03/2019,2009,Madrid,M,"B,A1",0,0,26,13,5,2,1,0,47
11/03/2019,2009,Madrid,M,"B,B+E",0,0,38,75,48,23,5,0,189
11/03/2019,2009,Madrid,M,"B,B+E,A,A2",0,0,1,4,0,1,1,0,7
11/03/2019,2009,Madrid,M,"B,B+E,A1",0,0,0,1,0,1,0,0,2
11/03/2019,2009,Madrid,M,BTP,0,0,17,39,35,16,1,0,108
11/03/2019,2009,Madrid,M,C,0,0,14,25,31,7,0,0,77
11/03/2019,2009,Madrid,M,"C,A,A2",0,0,6,13,5,0,0,0,24
11/03/2019,2009,Madrid,M,"C,A1",0,0,0,0,1,0,0,0,1
11/03/2019,2009,Madrid,M,"C,C+E",0,0,3,6,1,0,0,0,10
11/03/2019,2009,Madrid,M,"C,C+E,A,A2",0,0,0,1,1,0,0,0,2
11/03/2019,2009,Madrid,M,"C1,A,A2",0,0,0,1,0,0,1,0,2
11/03/2019,2009,Madrid,M,D ,0,0,9,16,16,3,0,0,44
11/03/2019,2009,Madrid,M,"D,A,A2",0,0,2,4,3,1,1,0,11
11/03/2019,2009,Madrid,M,"D,B+E",0,0,0,0,1,0,0,0,1
11/03/2019,2009,Madrid,M,"D,D+E",0,0,1,4,0,0,0,0,5
11/03/2019,2009,Madrid,M,"D,D+E,A,A2",0,0,0,2,0,0,0,0,2
11/03/2019,2009,Madrid,M,Otros,0,0,760,302,98,13,8,0,1181
11/03/2019,2009,Madrid,V,A,0,0,2,9,9,6,0,0,26
11/03/2019,2009,Madrid,V,A1,0,0,2,0,0,0,0,0,2
11/03/2019,2009,Madrid,V,AM,0,4,25,15,4,1,0,0,49
11/03/2019,2009,Madrid,V,B,0,0,8.478,5.424,2.115,573,114,17,16721
11/03/2019,2009,Madrid,V,"B,A,A2",0,0,968,2.953,1.173,371,56,1,5522
11/03/2019,2009,Madrid,V,"B,A1",0,0,65,21,9,6,0,0,101
11/03/2019,2009,Madrid,V,"B,B+E",0,0,130,406,300,125,25,2,988
11/03/2019,2009,Madrid,V,"B,B+E,A,A2",0,0,6,52,40,21,8,1,128
11/03/2019,2009,Madrid,V,"B,B+E,A1",0,0,0,1,1,1,0,0,3
11/03/2019,2009,Madrid,V,BTP,0,0,83,121,120,48,2,0,374
11/03/2019,2009,Madrid,V,C,0,0,68,211,184,47,1,0,511
11/03/2019,2009,Madrid,V,"C,A,A2",0,0,39,150,77,23,3,1,293
11/03/2019,2009,Madrid,V,"C,A1",0,0,0,3,1,0,0,0,4
11/03/2019,2009,Madrid,V,"C,B+E",0,0,1,9,4,3,0,0,17
11/03/2019,2009,Madrid,V,"C,C+E",0,0,24,52,45,13,1,0,135
11/03/2019,2009,Madrid,V,"C,C+E,A,A2",0,0,9,55,34,10,0,0,108
11/03/2019,2009,Madrid,V,C1,0,0,1,0,0,0,0,0,1
11/03/2019,2009,Madrid,V,"C1,A,A2",0,0,3,5,17,2,0,0,27
11/03/2019,2009,Madrid,V,"C1,C1+E,A,",0,0,0,3,1,0,0,0,4
11/03/2019,2009,Madrid,V,D ,0,0,28,77,87,19,0,0,211
11/03/2019,2009,Madrid,V,"D,A,A2",0,0,16,70,54,14,0,0,154
11/03/2019,2009,Madrid,V,"D,A1",0,0,0,0,1,0,0,0,1
11/03/2019,2009,Madrid,V,"D,B+E",0,0,0,1,4,3,0,0,8
11/03/2019,2009,Madrid,V,"D,B+E,A,A2",0,0,0,0,1,0,0,0,1
11/03/2019,2009,Madrid,V,"D,D+E",0,0,7,44,49,10,0,0,110
11/03/2019,2009,Madrid,V,"D,D+E,A,A2",0,0,20,67,53,15,1,0,156
11/03/2019,2009,Madrid,V,D1,0,0,0,1,0,0,0,0,1
11/03/2019,2009,Madrid,V,"D1,D1+E,A,",0,0,1,0,0,1,0,0,2
11/03/2019,2009,Madrid,V,Otros,0,0,1.385,835,332,94,10,0,2656
11/03/2019,2010,Madrid,M,A,0,0,0,0,0,1,0,0,1
11/03/2019,2010,Madrid,M,A1,0,0,1,0,0,0,0,0,1
11/03/2019,2010,Madrid,M,AM,0,10,5,6,1,0,0,0,22
11/03/2019,2010,Madrid,M,B,0,0,10.049,5.119,1.907,585,109,4,17773
11/03/2019,2010,Madrid,M,"B,A,A2",0,0,348,704,177,37,2,0,1268
11/03/2019,2010,Madrid,M,"B,A1",0,0,18,3,4,0,0,0,25
11/03/2019,2010,Madrid,M,"B,B+E",0,0,20,47,34,14,2,0,117
11/03/2019,2010,Madrid,M,"B,B+E,A,A2",0,0,4,3,1,1,0,0,9
11/03/2019,2010,Madrid,M,"B,B+E,A1",0,0,0,0,2,0,1,0,3
11/03/2019,2010,Madrid,M,BTP,0,0,24,23,16,8,0,0,71
11/03/2019,2010,Madrid,M,C,0,0,9,10,11,1,0,0,31
11/03/2019,2010,Madrid,M,"C,A,A2",0,0,9,16,0,0,0,0,25
11/03/2019,2010,Madrid,M,"C,A1",0,0,0,1,1,0,0,0,2
11/03/2019,2010,Madrid,M,"C,C+E",0,0,3,2,1,1,0,0,7
11/03/2019,2010,Madrid,M,"C,C+E,A,A2",0,0,2,4,0,0,0,0,6
11/03/2019,2010,Madrid,M,"C1,A,A2",0,0,1,0,0,0,0,0,1
11/03/2019,2010,Madrid,M,"C1,C1+E,A,",0,0,0,0,1,1,0,0,2
11/03/2019,2010,Madrid,M,D ,0,0,12,23,15,2,0,0,52
11/03/2019,2010,Madrid,M,"D,A,A2",0,0,7,10,3,0,0,0,20
11/03/2019,2010,Madrid,M,"D,A1",0,0,0,1,0,0,0,0,1
11/03/2019,2010,Madrid,M,"D,D+E",0,0,0,4,1,0,0,0,5
11/03/2019,2010,Madrid,M,"D,D+E,A,A2",0,0,1,6,5,0,0,0,12
11/03/2019,2010,Madrid,M,Otros,0,0,615,250,105,24,4,0,998
11/03/2019,2010,Madrid,V,A,0,0,3,10,13,4,0,0,30
11/03/2019,2010,Madrid,V,A1,0,0,2,1,1,0,0,0,4
11/03/2019,2010,Madrid,V,A2,0,0,3,5,2,0,0,0,10
11/03/2019,2010,Madrid,V,AM,0,18,23,21,6,2,0,1,71
11/03/2019,2010,Madrid,V,B,0,0,8.682,4.291,1.713,519,99,14,15318
11/03/2019,2010,Madrid,V,"B,A,A2",0,0,1.651,3.188,1.201,391,36,0,6467
11/03/2019,2010,Madrid,V,"B,A1",0,0,54,7,3,1,1,0,66
11/03/2019,2010,Madrid,V,"B,B+E",0,0,79,199,182,82,14,0,556
11/03/2019,2010,Madrid,V,"B,B+E,A,A2",0,0,9,63,35,29,3,1,140
11/03/2019,2010,Madrid,V,"B,B+E,A1",0,0,0,0,1,1,0,0,2
11/03/2019,2010,Madrid,V,BTP,0,0,69,105,72,55,1,0,302
11/03/2019,2010,Madrid,V,C,0,0,61,118,101,37,4,0,321
11/03/2019,2010,Madrid,V,"C,A,A2",0,0,52,134,58,17,0,0,261
11/03/2019,2010,Madrid,V,"C,A1",0,0,1,1,0,0,0,0,2
11/03/2019,2010,Madrid,V,"C,B+E",0,0,1,7,7,2,0,0,17
11/03/2019,2010,Madrid,V,"C,C+E",0,0,19,63,29,6,0,0,117
11/03/2019,2010,Madrid,V,"C,C+E,A,A2",0,0,11,56,30,8,3,0,108
11/03/2019,2010,Madrid,V,C1,0,0,2,0,0,0,0,0,2
11/03/2019,2010,Madrid,V,"C1,A,A2",0,0,4,4,26,2,0,0,36
11/03/2019,2010,Madrid,V,"C1,B+E",0,0,0,0,1,0,0,0,1
11/03/2019,2010,Madrid,V,"C1,C1+E,A,",0,0,0,3,3,1,0,0,7
11/03/2019,2010,Madrid,V,D ,0,0,22,88,69,16,2,0,197
11/03/2019,2010,Madrid,V,"D,A,A2",0,0,27,88,35,7,0,0,157
11/03/2019,2010,Madrid,V,"D,A1",0,0,0,2,0,0,0,0,2
11/03/2019,2010,Madrid,V,"D,B+E",0,0,0,3,3,1,0,0,7
11/03/2019,2010,Madrid,V,"D,D+E",0,0,3,33,22,17,1,0,76
11/03/2019,2010,Madrid,V,"D,D+E,A,A2",0,0,11,92,58,22,2,0,185
11/03/2019,2010,Madrid,V,D1,0,0,0,1,0,1,0,0,2
11/03/2019,2010,Madrid,V,Otros,0,0,1.343,704,277,63,4,0,2391
11/03/2019,2011,Madrid,M,A,0,0,0,3,1,1,0,0,5
11/03/2019,2011,Madrid,M,A1,0,0,1,0,0,0,0,0,1
11/03/2019,2011,Madrid,M,A2,0,0,0,1,0,0,0,0,1
11/03/2019,2011,Madrid,M,AM,0,4,4,7,2,1,0,0,18
11/03/2019,2011,Madrid,M,B,0,0,9.658,3.906,1.451,417,61,1,15494
11/03/2019,2011,Madrid,M,"B,A,A2",0,0,384,376,78,13,0,1,852
11/03/2019,2011,Madrid,M,"B,A1",0,0,13,12,3,0,0,0,28
11/03/2019,2011,Madrid,M,"B,B+E",0,0,9,26,10,7,1,0,53
11/03/2019,2011,Madrid,M,"B,B+E,A,A2",0,0,2,1,3,2,0,0,8
11/03/2019,2011,Madrid,M,"B,B+E,A1",0,0,0,3,0,0,0,0,3
11/03/2019,2011,Madrid,M,C,0,0,7,10,2,3,0,0,22
11/03/2019,2011,Madrid,M,"C,A,A2",0,0,2,13,4,0,0,0,19
11/03/2019,2011,Madrid,M,"C,C+E",0,0,0,1,0,1,0,0,2
11/03/2019,2011,Madrid,M,"C,C+E,A,A2",0,0,1,2,0,0,0,0,3
11/03/2019,2011,Madrid,M,C1,0,0,0,0,1,0,0,0,1
11/03/2019,2011,Madrid,M,"C1,A,A2",0,0,0,1,0,0,0,0,1
11/03/2019,2011,Madrid,M,D ,0,0,9,13,7,2,0,0,31
11/03/2019,2011,Madrid,M,"D,A,A2",0,0,2,6,1,0,0,0,9
11/03/2019,2011,Madrid,M,"D,D+E",0,0,0,3,1,0,0,0,4
11/03/2019,2011,Madrid,M,"D,D+E,A,A2",0,0,1,3,0,0,0,0,4
11/03/2019,2011,Madrid,M,Otros,0,1,520,194,59,11,0,0,785
11/03/2019,2011,Madrid,V,A,0,0,4,18,6,1,0,0,29
11/03/2019,2011,Madrid,V,A1,0,1,1,0,0,1,0,0,3
11/03/2019,2011,Madrid,V,A2,0,0,1,4,1,0,0,0,6
11/03/2019,2011,Madrid,V,AM,0,16,22,4,5,0,0,0,47
11/03/2019,2011,Madrid,V,B,0,0,8.549,3.197,1.335,380,77,6,13544
11/03/2019,2011,Madrid,V,"B,A,A2",0,0,1.626,2.004,695,194,13,0,4532
11/03/2019,2011,Madrid,V,"B,A1",0,0,51,21,15,6,0,0,93
11/03/2019,2011,Madrid,V,"B,B+E",0,0,29,84,71,25,5,0,214
11/03/2019,2011,Madrid,V,"B,B+E,A,A2",0,0,13,38,30,10,3,0,94
11/03/2019,2011,Madrid,V,"B,B+E,A1",0,0,1,1,1,0,1,0,4
11/03/2019,2011,Madrid,V,BTP,0,0,2,4,1,1,0,0,8
11/03/2019,2011,Madrid,V,C,0,0,39,76,61,16,0,0,192
11/03/2019,2011,Madrid,V,"C,A,A2",0,0,42,76,41,12,0,0,171
11/03/2019,2011,Madrid,V,"C,B+E",0,0,0,5,2,3,0,0,10
11/03/2019,2011,Madrid,V,"C,C+E",0,0,19,32,28,3,0,0,82
11/03/2019,2011,Madrid,V,"C,C+E,A,A2",0,0,17,27,16,10,1,0,71
11/03/2019,2011,Madrid,V,"C1,A,A2",0,0,2,1,5,0,0,0,8
11/03/2019,2011,Madrid,V,"C1,C1+E,A,",0,0,0,1,3,0,0,0,4
11/03/2019,2011,Madrid,V,D ,0,0,16,60,65,22,1,0,164
11/03/2019,2011,Madrid,V,"D,A,A2",0,0,31,61,30,6,0,0,128
11/03/2019,2011,Madrid,V,"D,A1",0,0,0,0,2,0,0,0,2
11/03/2019,2011,Madrid,V,"D,B+E",0,0,0,3,0,0,0,0,3
11/03/2019,2011,Madrid,V,"D,D+E",0,0,4,27,29,3,1,0,64
11/03/2019,2011,Madrid,V,"D,D+E,A,A2",0,0,13,39,31,9,1,0,93
11/03/2019,2011,Madrid,V,Otros,0,0,1.099,479,174,41,1,0,1794
11/03/2019,2012,Madrid,M,A,0,0,0,4,2,0,0,0,6
11/03/2019,2012,Madrid,M,A1,0,0,1,0,0,0,0,0,1
11/03/2019,2012,Madrid,M,A2,0,0,0,1,0,0,0,0,1
11/03/2019,2012,Madrid,M,AM,0,13,4,3,2,1,1,0,24
11/03/2019,2012,Madrid,M,B,0,476,9.296,3.382,1.289,373,59,5,14880
11/03/2019,2012,Madrid,M,"B,A,A2",0,0,204,219,51,18,1,0,493
11/03/2019,2012,Madrid,M,"B,A1",0,7,10,4,7,1,0,0,29
11/03/2019,2012,Madrid,M,"B,B+E",0,0,21,34,19,7,1,0,82
11/03/2019,2012,Madrid,M,"B,B+E,A,A2",0,0,1,1,0,0,0,0,2
11/03/2019,2012,Madrid,M,"B,B+E,A1",0,0,1,0,1,0,0,0,2
11/03/2019,2012,Madrid,M,BTP,0,0,1,0,1,0,0,0,2
11/03/2019,2012,Madrid,M,C,0,0,7,8,3,2,0,0,20
11/03/2019,2012,Madrid,M,"C,A,A2",0,0,8,1,1,1,0,0,11
11/03/2019,2012,Madrid,M,"C,C+E",0,0,1,2,1,0,0,0,4
11/03/2019,2012,Madrid,M,"C,C+E,A,A2",0,0,2,2,1,0,0,0,5
11/03/2019,2012,Madrid,M,D ,0,0,7,6,3,0,0,0,16
11/03/2019,2012,Madrid,M,"D,A,A2",0,0,1,3,3,1,0,0,8
11/03/2019,2012,Madrid,M,"D,D+E",0,0,0,1,1,0,0,0,2
11/03/2019,2012,Madrid,M,"D,D+E,A,A2",0,0,1,2,1,0,0,0,4
11/03/2019,2012,Madrid,M,Otros,0,37,367,140,61,12,2,0,619
11/03/2019,2012,Madrid,V,A,0,0,3,7,6,1,0,0,17
11/03/2019,2012,Madrid,V,A1,0,0,0,0,0,0,1,0,1
11/03/2019,2012,Madrid,V,A2,0,0,3,7,3,0,0,0,13
11/03/2019,2012,Madrid,V,AM,0,22,15,7,5,1,0,0,50
11/03/2019,2012,Madrid,V,B,0,732,7.782,2.960,1.256,385,73,7,13195
11/03/2019,2012,Madrid,V,"B,A,A2",0,1,689,947,442,143,16,2,2240
11/03/2019,2012,Madrid,V,"B,A1",0,22,43,23,19,8,2,0,117
11/03/2019,2012,Madrid,V,"B,B+E",0,0,43,137,80,35,5,1,301
11/03/2019,2012,Madrid,V,"B,B+E,A,A2",0,0,16,29,30,7,1,0,83
11/03/2019,2012,Madrid,V,"B,B+E,A1",0,0,2,0,2,0,1,0,5
11/03/2019,2012,Madrid,V,BTP,0,0,6,1,2,0,0,0,9
11/03/2019,2012,Madrid,V,C,0,0,36,66,57,13,0,0,172
11/03/2019,2012,Madrid,V,"C,A,A2",0,0,21,30,22,10,2,0,85
11/03/2019,2012,Madrid,V,"C,B+E",0,0,0,3,1,2,0,0,6
11/03/2019,2012,Madrid,V,"C,C+E",0,0,19,30,22,4,0,0,75
11/03/2019,2012,Madrid,V,"C,C+E,A,A2",0,0,5,15,16,4,0,0,40
11/03/2019,2012,Madrid,V,"C1,A,A2",0,0,0,0,5,1,0,0,6
11/03/2019,2012,Madrid,V,"C1,B+E",0,0,0,0,1,0,0,0,1
11/03/2019,2012,Madrid,V,D ,0,0,31,52,45,7,1,0,136
11/03/2019,2012,Madrid,V,"D,A,A2",0,0,7,29,19,3,0,0,58
11/03/2019,2012,Madrid,V,"D,A1",0,0,1,0,0,0,0,0,1
11/03/2019,2012,Madrid,V,"D,B+E",0,0,0,1,1,1,0,0,3
11/03/2019,2012,Madrid,V,"D,D+E",0,0,7,27,20,6,2,0,62
11/03/2019,2012,Madrid,V,"D,D+E,A,A2",0,0,8,35,18,14,0,0,75
11/03/2019,2012,Madrid,V,Otros,0,93,745,330,128,33,2,0,1331
11/03/2019,2013,Madrid,M,A,0,0,0,2,1,0,0,0,3
11/03/2019,2013,Madrid,M,A1,0,2,0,0,0,0,0,0,2
11/03/2019,2013,Madrid,M,A2,0,0,3,0,0,0,0,0,3
11/03/2019,2013,Madrid,M,AM,0,9,8,3,1,0,0,0,21
11/03/2019,2013,Madrid,M,B,0,2.445,6.847,2.591,914,280,44,3,13124
11/03/2019,2013,Madrid,M,"B,A,A2",0,4,223,179,61,12,0,0,479
11/03/2019,2013,Madrid,M,"B,A1",0,13,1,4,4,0,1,0,23
11/03/2019,2013,Madrid,M,"B,B+E",0,1,11,20,6,2,1,0,41
11/03/2019,2013,Madrid,M,"B,B+E,A,A2",0,0,3,5,4,1,0,0,13
11/03/2019,2013,Madrid,M,"B,B+E,A1",0,0,0,1,1,0,1,0,3
11/03/2019,2013,Madrid,M,BTP,0,0,0,0,1,0,0,0,1
11/03/2019,2013,Madrid,M,C,0,0,6,4,3,1,0,0,14
11/03/2019,2013,Madrid,M,"C,A,A2",0,0,2,2,0,0,0,0,4
11/03/2019,2013,Madrid,M,"C,C+E",0,0,2,1,1,0,0,0,4
11/03/2019,2013,Madrid,M,"C,C+E,A,A2",0,0,2,2,2,0,0,0,6
11/03/2019,2013,Madrid,M,"C1,C1+E,A,",0,0,0,0,1,0,0,0,1
11/03/2019,2013,Madrid,M,D ,0,0,0,2,1,1,0,0,4
11/03/2019,2013,Madrid,M,"D,A,A2",0,0,1,0,0,0,0,0,1
11/03/2019,2013,Madrid,M,"D,B+E,A,A2",0,0,0,1,0,0,0,0,1
11/03/2019,2013,Madrid,M,"D,D+E",0,0,2,1,0,0,0,0,3
11/03/2019,2013,Madrid,M,"D,D+E,A,A2",0,0,3,0,0,0,0,0,3
11/03/2019,2013,Madrid,M,"D1,D1+E,A,",0,0,0,1,1,0,0,0,2
11/03/2019,2013,Madrid,M,Otros,0,106,250,137,45,8,1,0,547
11/03/2019,2013,Madrid,V,A,0,0,2,6,5,0,0,0,13
11/03/2019,2013,Madrid,V,A1,0,1,1,0,0,0,0,0,2
11/03/2019,2013,Madrid,V,A2,0,0,3,3,3,0,0,0,9
11/03/2019,2013,Madrid,V,AM,0,33,24,8,1,1,0,0,67
11/03/2019,2013,Madrid,V,B,0,3.193,5.680,2.485,913,290,53,7,12621
11/03/2019,2013,Madrid,V,"B,A,A2",0,20,895,980,370,115,16,0,2396
11/03/2019,2013,Madrid,V,"B,A1",0,46,7,7,5,3,0,0,68
11/03/2019,2013,Madrid,V,"B,B+E",0,1,44,72,70,20,5,1,213
11/03/2019,2013,Madrid,V,"B,B+E,A,A2",0,0,15,31,24,13,4,1,88
11/03/2019,2013,Madrid,V,"B,B+E,A1",0,0,1,2,2,1,0,0,6
11/03/2019,2013,Madrid,V,BTP,0,0,5,1,1,0,0,0,7
11/03/2019,2013,Madrid,V,C,0,0,30,33,21,5,0,0,89
11/03/2019,2013,Madrid,V,"C,A,A2",0,0,18,28,7,2,1,0,56
11/03/2019,2013,Madrid,V,"C,A1",0,0,1,0,0,0,0,0,1
11/03/2019,2013,Madrid,V,"C,B+E",0,0,0,1,3,0,0,0,4
11/03/2019,2013,Madrid,V,"C,C+E",0,0,16,26,6,6,0,0,54
11/03/2019,2013,Madrid,V,"C,C+E,A,A2",0,0,13,17,8,5,0,0,43
11/03/2019,2013,Madrid,V,C1,0,0,1,0,0,0,0,0,1
11/03/2019,2013,Madrid,V,"C1,A,A2",0,0,0,1,6,0,0,0,7
11/03/2019,2013,Madrid,V,"C1,C1+E,A,",0,0,0,1,7,0,0,0,8
11/03/2019,2013,Madrid,V,D ,0,0,16,21,13,11,0,0,61
11/03/2019,2013,Madrid,V,"D,A,A2",0,0,9,26,6,0,0,0,41
11/03/2019,2013,Madrid,V,"D,A1",0,0,0,1,1,1,0,0,3
11/03/2019,2013,Madrid,V,"D,B+E",0,0,0,1,0,0,0,0,1
11/03/2019,2013,Madrid,V,"D,B+E,A,A2",0,0,0,0,1,0,0,0,1
11/03/2019,2013,Madrid,V,"D,C+E",0,0,0,1,0,0,0,0,1
11/03/2019,2013,Madrid,V,"D,D+E",0,0,7,14,11,4,0,0,36
11/03/2019,2013,Madrid,V,"D,D+E,A,A2",0,0,16,20,15,7,0,0,58
11/03/2019,2013,Madrid,V,"D1,D1+E,A,",0,0,0,0,4,0,0,0,4
11/03/2019,2013,Madrid,V,Otros,0,222,501,278,146,25,5,0,1177
11/03/2019,2014,Madrid,M,A,0,0,3,1,5,0,0,0,9
11/03/2019,2014,Madrid,M,A2,0,0,1,0,1,0,0,0,2
11/03/2019,2014,Madrid,M,AM,0,21,3,2,2,1,1,0,30
11/03/2019,2014,Madrid,M,B,0,3.876,5.358,2.172,745,201,35,1,12388
11/03/2019,2014,Madrid,M,"B,A,A2",0,10,243,176,43,11,3,0,486
11/03/2019,2014,Madrid,M,"B,A1",0,15,6,4,2,4,0,0,31
11/03/2019,2014,Madrid,M,"B,B+E",0,2,14,18,8,4,0,0,46
11/03/2019,2014,Madrid,M,"B,B+E,A,A2",0,0,0,2,1,1,0,0,4
11/03/2019,2014,Madrid,M,"B,B+E,A1",0,0,0,0,1,0,0,1,2
11/03/2019,2014,Madrid,M,BTP,0,3,100,39,29,5,0,0,176
11/03/2019,2014,Madrid,M,C,0,0,5,8,1,0,0,0,14
11/03/2019,2014,Madrid,M,"C,A,A2",0,0,3,2,0,0,0,0,5
11/03/2019,2014,Madrid,M,"C,B+E",0,0,1,0,0,0,0,0,1
11/03/2019,2014,Madrid,M,"C,C+E",0,0,1,2,1,0,0,0,4
11/03/2019,2014,Madrid,M,"C,C+E,A,A2",0,0,2,0,0,0,0,0,2
11/03/2019,2014,Madrid,M,C1,0,0,0,2,0,2,0,0,4
11/03/2019,2014,Madrid,M,"C1,A,A2",0,0,0,0,1,0,0,0,1
11/03/2019,2014,Madrid,M,"C1,C1+E",0,0,0,0,0,1,0,0,1
11/03/2019,2014,Madrid,M,D ,0,0,6,7,3,0,0,0,16
11/03/2019,2014,Madrid,M,"D,A,A2",0,0,1,2,1,1,0,0,5
11/03/2019,2014,Madrid,M,"D,D+E",0,0,2,2,1,0,0,0,5
11/03/2019,2014,Madrid,M,"D,D+E,A,A2",0,0,3,1,0,0,0,0,4
11/03/2019,2014,Madrid,M,"D1,D1+E,A,",0,0,0,1,2,0,0,0,3
11/03/2019,2014,Madrid,M,Otros,0,128,189,105,39,11,1,0,473
11/03/2019,2014,Madrid,V,A,0,0,7,8,1,0,0,0,16
11/03/2019,2014,Madrid,V,A1,0,2,1,0,0,0,0,0,3
11/03/2019,2014,Madrid,V,A2,0,3,4,1,3,2,0,0,13
11/03/2019,2014,Madrid,V,AM,0,39,18,8,3,3,1,0,72
11/03/2019,2014,Madrid,V,B,0,4.603,4.325,2.151,769,242,51,6,12147
11/03/2019,2014,Madrid,V,"B,A,A2",0,50,1.069,971,389,99,13,2,2593
11/03/2019,2014,Madrid,V,"B,A1",0,47,13,10,8,4,1,0,83
11/03/2019,2014,Madrid,V,"B,B+E",0,4,30,40,29,16,2,0,121
11/03/2019,2014,Madrid,V,"B,B+E,A,A2",0,1,7,23,20,4,2,0,57
11/03/2019,2014,Madrid,V,"B,B+E,A1",0,0,0,2,0,1,0,0,3
11/03/2019,2014,Madrid,V,BTP,0,14,172,152,92,54,2,0,486
11/03/2019,2014,Madrid,V,C,0,0,58,61,28,6,1,0,154
11/03/2019,2014,Madrid,V,"C,A,A2",0,0,41,47,20,10,0,0,118
11/03/2019,2014,Madrid,V,"C,B+E",0,0,0,3,0,0,0,0,3
11/03/2019,2014,Madrid,V,"C,C+E",0,0,38,32,16,3,0,0,89
11/03/2019,2014,Madrid,V,"C,C+E,A,A2",0,0,20,13,6,2,0,0,41
11/03/2019,2014,Madrid,V,C1,0,0,1,1,0,2,0,0,4
11/03/2019,2014,Madrid,V,"C1,A,A2",0,0,0,1,5,0,0,0,6
11/03/2019,2014,Madrid,V,"C1,C1+E",0,0,0,0,0,0,1,0,1
11/03/2019,2014,Madrid,V,"C1,C1+E,A,",0,0,0,0,0,0,1,0,1
11/03/2019,2014,Madrid,V,D ,0,0,22,32,15,1,0,0,70
11/03/2019,2014,Madrid,V,"D,A,A2",0,0,9,21,9,3,0,0,42
11/03/2019,2014,Madrid,V,"D,B+E",0,0,1,0,0,0,0,0,1
11/03/2019,2014,Madrid,V,"D,B+E,A,A2",0,0,0,0,1,0,0,0,1
11/03/2019,2014,Madrid,V,"D,D+E",0,0,22,25,3,4,0,0,54
11/03/2019,2014,Madrid,V,"D,D+E,A,A2",0,0,16,31,21,6,0,0,74
11/03/2019,2014,Madrid,V,"D1,D1+E,A,",0,0,1,1,1,0,0,0,3
11/03/2019,2014,Madrid,V,Otros,0,245,501,339,175,48,3,0,1311
11/03/2019,2015,Madrid,M,A,0,0,0,3,0,0,0,0,3
11/03/2019,2015,Madrid,M,A2,0,1,0,0,1,0,0,0,2
11/03/2019,2015,Madrid,M,AM,0,15,5,4,2,1,2,1,30
11/03/2019,2015,Madrid,M,B,0,5.033,5.104,2.070,725,198,43,8,13181
11/03/2019,2015,Madrid,M,"B,A,A2",0,21,187,131,37,9,0,1,386
11/03/2019,2015,Madrid,M,"B,A1",0,12,3,2,4,2,0,0,23
11/03/2019,2015,Madrid,M,"B,B+E",0,1,24,44,22,11,1,0,103
11/03/2019,2015,Madrid,M,"B,B+E,A,A2",0,0,7,16,8,0,0,0,31
11/03/2019,2015,Madrid,M,"B,B+E,A1",0,0,0,1,1,0,1,0,3
11/03/2019,2015,Madrid,M,BTP,0,23,162,82,34,14,1,0,316
11/03/2019,2015,Madrid,M,C,0,0,20,4,2,0,0,0,26
11/03/2019,2015,Madrid,M,"C,A,A2",0,0,4,6,2,0,0,0,12
11/03/2019,2015,Madrid,M,"C,B+E",0,0,0,1,0,0,0,0,1
11/03/2019,2015,Madrid,M,"C,C+E",0,0,4,2,0,0,0,0,6
11/03/2019,2015,Madrid,M,"C,C+E,A,A2",0,0,3,0,0,0,0,0,3
11/03/2019,2015,Madrid,M,C1,0,0,0,2,2,0,0,0,4
11/03/2019,2015,Madrid,M,"C1,A,A2",0,0,0,2,1,0,0,0,3
11/03/2019,2015,Madrid,M,D ,0,0,10,3,6,0,0,0,19
11/03/2019,2015,Madrid,M,"D,A,A2",0,0,3,3,3,0,0,0,9
11/03/2019,2015,Madrid,M,"D,D+E",0,0,0,1,0,0,0,0,1
11/03/2019,2015,Madrid,M,"D,D+E,A,A2",0,0,1,2,0,0,0,0,3
11/03/2019,2015,Madrid,M,LVA,0,0,0,0,1,0,0,0,1
11/03/2019,2015,Madrid,M,Otros,0,102,214,99,34,7,0,0,456
11/03/2019,2015,Madrid,V,A,0,1,3,10,6,2,0,0,22
11/03/2019,2015,Madrid,V,A1,0,2,0,1,0,0,0,0,3
11/03/2019,2015,Madrid,V,A2,0,3,8,2,1,0,0,0,14
11/03/2019,2015,Madrid,V,AM,0,52,20,10,4,0,0,0,86
11/03/2019,2015,Madrid,V,B,0,6.079,4.153,2.099,795,228,52,10,13416
11/03/2019,2015,Madrid,V,"B,A,A2",0,129,1.255,931,350,87,12,2,2766
11/03/2019,2015,Madrid,V,"B,A1",0,56,12,4,6,5,0,0,83
11/03/2019,2015,Madrid,V,"B,B+E",0,4,35,36,49,18,4,0,146
11/03/2019,2015,Madrid,V,"B,B+E,A,A2",0,1,19,42,27,12,3,1,105
11/03/2019,2015,Madrid,V,"B,B+E,A1",0,0,0,1,3,0,0,0,4
11/03/2019,2015,Madrid,V,BTP,0,57,321,233,138,50,0,0,799
11/03/2019,2015,Madrid,V,C,0,0,75,66,30,9,0,0,180
11/03/2019,2015,Madrid,V,"C,A,A2",0,0,36,48,21,4,0,0,109
11/03/2019,2015,Madrid,V,"C,A1",0,0,0,0,1,0,0,0,1
11/03/2019,2015,Madrid,V,"C,B+E",0,0,0,10,2,0,0,0,12
11/03/2019,2015,Madrid,V,"C,C+E",0,1,21,24,9,1,0,0,56
11/03/2019,2015,Madrid,V,"C,C+E,A,A2",0,0,18,24,7,1,1,0,51
11/03/2019,2015,Madrid,V,C1,0,0,0,1,5,1,0,0,7
11/03/2019,2015,Madrid,V,"C1,A,A2",0,0,1,0,5,3,0,0,9
11/03/2019,2015,Madrid,V,"C1,C1+E",0,0,0,0,1,0,0,0,1
11/03/2019,2015,Madrid,V,"C1,C1+E,A,",0,0,0,1,2,0,1,0,4
11/03/2019,2015,Madrid,V,D ,0,0,27,33,18,3,0,0,81
11/03/2019,2015,Madrid,V,"D,A,A2",0,0,23,28,13,2,0,0,66
11/03/2019,2015,Madrid,V,"D,A1",0,0,1,0,0,0,0,0,1
11/03/2019,2015,Madrid,V,"D,B+E",0,0,0,0,1,0,1,0,2
11/03/2019,2015,Madrid,V,"D,B+E,A,A2",0,0,0,0,1,0,0,0,1
11/03/2019,2015,Madrid,V,"D,D+E",0,0,7,17,5,3,0,0,32
11/03/2019,2015,Madrid,V,"D,D+E,A,A2",0,0,24,25,14,6,0,0,69
11/03/2019,2015,Madrid,V,D1,0,0,1,0,0,0,0,0,1
11/03/2019,2015,Madrid,V,"D1,D1+E",0,0,0,1,2,0,0,0,3
11/03/2019,2015,Madrid,V,"D1,D1+E,A,",0,0,1,4,2,0,0,0,7
11/03/2019,2015,Madrid,V,LVA,0,0,0,0,0,1,0,0,1
11/03/2019,2015,Madrid,V,Otros,0,256,534,407,176,34,0,0,1407
11/03/2019,2016,Madrid,M,A,0,0,2,3,1,0,0,0,6
11/03/2019,2016,Madrid,M,A1,0,2,1,0,0,0,0,0,3
11/03/2019,2016,Madrid,M,A2,0,3,4,1,0,0,0,0,8
11/03/2019,2016,Madrid,M,AM,15,16,6,5,3,0,0,0,45
11/03/2019,2016,Madrid,M,B,0,6.134,5.047,2.263,763,249,48,2,14506
11/03/2019,2016,Madrid,M,"B,A,A2",0,28,278,163,54,11,2,0,536
11/03/2019,2016,Madrid,M,"B,A1",0,14,7,7,4,0,0,0,32
11/03/2019,2016,Madrid,M,"B,B+E",0,5,52,72,33,12,0,0,174
11/03/2019,2016,Madrid,M,"B,B+E,A,A2",0,0,12,9,11,3,0,1,36
11/03/2019,2016,Madrid,M,C,0,0,11,6,6,0,0,0,23
11/03/2019,2016,Madrid,M,"C,A,A2",0,1,7,6,0,0,0,0,14
11/03/2019,2016,Madrid,M,"C,C+E",0,0,7,4,1,0,0,0,12
11/03/2019,2016,Madrid,M,"C,C+E,A,A2",0,0,1,1,1,0,0,0,3
11/03/2019,2016,Madrid,M,C1,0,0,1,4,0,0,0,0,5
11/03/2019,2016,Madrid,M,D ,0,0,10,7,1,0,0,0,18
11/03/2019,2016,Madrid,M,"D,A,A2",0,0,3,2,1,0,0,0,6
11/03/2019,2016,Madrid,M,"D,A1",0,0,1,0,0,0,0,0,1
11/03/2019,2016,Madrid,M,"D,D+E",0,0,2,4,0,0,0,0,6
11/03/2019,2016,Madrid,M,"D,D+E,A,A2",0,0,3,0,0,0,0,0,3
11/03/2019,2016,Madrid,M,"D1,D1+E,A,",0,0,0,1,0,1,0,0,2
11/03/2019,2016,Madrid,M,Otros,0,102,127,89,37,6,0,0,361
11/03/2019,2016,Madrid,V,A,0,2,5,6,7,1,0,0,21
11/03/2019,2016,Madrid,V,A1,0,3,2,0,2,0,0,0,7
11/03/2019,2016,Madrid,V,A2,0,7,9,6,3,0,0,0,25
11/03/2019,2016,Madrid,V,AM,31,41,18,4,7,4,0,0,105
11/03/2019,2016,Madrid,V,B,0,6.954,4.172,2.175,827,237,68,8,14441
11/03/2019,2016,Madrid,V,"B,A,A2",0,282,1.845,1.196,437,128,7,0,3895
11/03/2019,2016,Madrid,V,"B,A1",0,79,14,16,5,3,0,0,117
11/03/2019,2016,Madrid,V,"B,B+E",0,7,49,101,54,30,5,0,246
11/03/2019,2016,Madrid,V,"B,B+E,A,A2",0,2,30,61,26,19,3,1,142
11/03/2019,2016,Madrid,V,"B,B+E,A1",0,0,0,1,1,1,0,0,3
11/03/2019,2016,Madrid,V,C,0,15,99,71,39,7,0,0,231
11/03/2019,2016,Madrid,V,"C,A,A2",0,1,70,56,30,6,0,0,163
11/03/2019,2016,Madrid,V,"C,B+E",0,0,0,7,2,1,0,0,10
11/03/2019,2016,Madrid,V,"C,C+E",0,4,71,42,13,2,0,0,132
11/03/2019,2016,Madrid,V,"C,C+E,A,A2",0,2,28,30,9,0,0,0,69
11/03/2019,2016,Madrid,V,"C1,A,A2",0,0,2,0,4,0,0,0,6
11/03/2019,2016,Madrid,V,"C1,C1+E,A,",0,0,0,1,0,0,0,0,1
11/03/2019,2016,Madrid,V,D ,0,0,40,30,10,2,0,0,82
11/03/2019,2016,Madrid,V,"D,A,A2",0,0,30,23,12,2,0,0,67
11/03/2019,2016,Madrid,V,"D,A1",0,0,1,0,0,0,0,0,1
11/03/2019,2016,Madrid,V,"D,B+E",0,0,0,3,0,0,0,0,3
11/03/2019,2016,Madrid,V,"D,B+E,A,A2",0,0,0,1,1,0,0,0,2
11/03/2019,2016,Madrid,V,"D,D+E",0,0,18,20,4,2,0,0,44
11/03/2019,2016,Madrid,V,"D,D+E,A,A2",0,0,37,35,26,4,0,0,102
11/03/2019,2016,Madrid,V,D1,0,0,0,1,0,0,0,0,1
11/03/2019,2016,Madrid,V,"D1,D1+E,A,",0,0,4,1,1,0,0,0,6
11/03/2019,2016,Madrid,V,Otros,0,223,316,202,59,12,1,0,813
11/03/2019,2017,Madrid,M,A,0,0,5,3,1,0,0,0,9
11/03/2019,2017,Madrid,M,A1,0,1,0,0,0,0,0,0,1
11/03/2019,2017,Madrid,M,A2,0,1,2,1,0,0,0,0,4
11/03/2019,2017,Madrid,M,AM,36,5,12,2,5,2,1,0,63
11/03/2019,2017,Madrid,M,B,0,6.035,4.808,2.099,790,323,37,2,14094
11/03/2019,2017,Madrid,M,"B,A,A2",0,48,361,182,65,13,1,1,671
11/03/2019,2017,Madrid,M,"B,A1",0,21,5,7,4,0,0,0,37
11/03/2019,2017,Madrid,M,"B,B+E",0,8,80,80,22,12,4,0,206
11/03/2019,2017,Madrid,M,"B,B+E,A,A2",0,1,9,16,6,2,0,0,34
11/03/2019,2017,Madrid,M,"B,B+E,A1",0,0,0,0,0,1,1,0,2
11/03/2019,2017,Madrid,M,C,0,1,12,10,3,3,0,0,29
11/03/2019,2017,Madrid,M,"C,A,A2",0,1,10,3,3,0,0,0,17
11/03/2019,2017,Madrid,M,"C,C+E",0,1,10,4,0,0,0,0,15
11/03/2019,2017,Madrid,M,"C,C+E,A,A2",0,0,6,0,0,0,0,0,6
11/03/2019,2017,Madrid,M,D ,0,0,15,8,2,0,0,0,25
11/03/2019,2017,Madrid,M,"D,A,A2",0,0,6,3,1,0,0,0,10
11/03/2019,2017,Madrid,M,"D,D+E",0,0,0,2,0,0,0,0,2
11/03/2019,2017,Madrid,M,"D,D+E,A,A2",0,0,1,2,0,0,0,0,3
11/03/2019,2017,Madrid,M,"D1,D1+E,A,",0,0,3,2,3,0,0,0,8
11/03/2019,2017,Madrid,M,Otros,0,104,97,57,30,3,1,0,292
11/03/2019,2017,Madrid,V,A,0,5,17,10,4,0,0,0,36
11/03/2019,2017,Madrid,V,A1,2,4,0,0,1,0,0,0,7
11/03/2019,2017,Madrid,V,A2,0,11,17,7,4,2,0,0,41
11/03/2019,2017,Madrid,V,AM,98,22,10,10,7,2,0,0,149
11/03/2019,2017,Madrid,V,B,0,6.915,3.987,2.036,814,294,74,15,14135
11/03/2019,2017,Madrid,V,"B,A,A2",0,520,2.435,1.285,484,174,17,1,4916
11/03/2019,2017,Madrid,V,"B,A1",0,60,20,12,2,1,0,0,95
11/03/2019,2017,Madrid,V,"B,B+E",0,29,67,110,55,28,10,0,299
11/03/2019,2017,Madrid,V,"B,B+E,A,A2",0,1,50,67,37,23,2,1,181
11/03/2019,2017,Madrid,V,"B,B+E,A1",0,0,1,0,4,0,0,0,5
11/03/2019,2017,Madrid,V,C,0,22,108,59,35,5,0,0,229
11/03/2019,2017,Madrid,V,"C,A,A2",0,10,67,59,20,8,0,0,164
11/03/2019,2017,Madrid,V,"C,A1",0,0,0,0,1,0,0,0,1
11/03/2019,2017,Madrid,V,"C,B+E",0,0,3,1,7,0,0,0,11
11/03/2019,2017,Madrid,V,"C,C+E",0,5,57,35,12,4,0,0,113
11/03/2019,2017,Madrid,V,"C,C+E,A,A2",0,0,37,23,9,3,0,0,72
11/03/2019,2017,Madrid,V,C1,0,1,2,2,0,1,0,0,6
11/03/2019,2017,Madrid,V,"C1,A,A2",0,1,0,2,4,3,0,0,10
11/03/2019,2017,Madrid,V,"C1,C1+E,A,",0,0,0,0,2,0,0,0,2
11/03/2019,2017,Madrid,V,D ,0,0,37,40,14,0,0,0,91
11/03/2019,2017,Madrid,V,"D,A,A2",0,0,31,41,8,6,0,0,86
11/03/2019,2017,Madrid,V,"D,B+E",0,0,1,1,1,0,0,0,3
11/03/2019,2017,Madrid,V,"D,B+E,A,A2",0,0,0,1,0,0,0,0,1
11/03/2019,2017,Madrid,V,"D,C+E,A,A2",0,0,0,0,1,0,0,0,1
11/03/2019,2017,Madrid,V,"D,D+E",0,0,15,25,7,0,0,0,47
11/03/2019,2017,Madrid,V,"D,D+E,A,A2",0,0,30,30,20,5,0,0,85
11/03/2019,2017,Madrid,V,D1,0,0,0,0,0,1,0,0,1
11/03/2019,2017,Madrid,V,"D1,D1+E,A,",0,0,5,1,0,0,0,0,6
11/03/2019,2017,Madrid,V,Otros,0,180,256,189,61,14,1,0,701
11/03/2019,2018,Madrid,M,A,0,1,7,10,1,0,0,0,19
11/03/2019,2018,Madrid,M,A1,8,0,0,0,0,0,0,0,8
11/03/2019,2018,Madrid,M,A2,0,2,0,1,1,0,0,0,4
11/03/2019,2018,Madrid,M,AM,99,2,8,2,4,0,0,0,115
11/03/2019,2018,Madrid,M,B,0,7.564,4.902,2.242,912,325,49,4,15998
11/03/2019,2018,Madrid,M,"B,A,A2",0,82,408,182,80,10,1,1,764
11/03/2019,2018,Madrid,M,"B,A1",0,18,6,5,3,1,1,0,34
11/03/2019,2018,Madrid,M,"B,B+E",0,14,92,91,24,14,1,1,237
11/03/2019,2018,Madrid,M,"B,B+E,A,A2",0,1,17,12,5,2,0,0,37
11/03/2019,2018,Madrid,M,C,0,6,16,10,5,0,0,0,37
11/03/2019,2018,Madrid,M,"C,A,A2",0,1,11,8,3,0,0,0,23
11/03/2019,2018,Madrid,M,"C,A1",0,0,1,0,0,0,0,0,1
11/03/2019,2018,Madrid,M,"C,C+E",0,0,5,2,0,0,0,0,7
11/03/2019,2018,Madrid,M,"C,C+E,A,A2",0,1,4,0,1,0,0,0,6
11/03/2019,2018,Madrid,M,C1,0,0,0,1,0,0,0,0,1
11/03/2019,2018,Madrid,M,D ,0,1,18,20,3,0,0,0,42
11/03/2019,2018,Madrid,M,"D,A,A2",0,0,10,7,4,0,0,0,21
11/03/2019,2018,Madrid,M,"D,D+E",0,0,3,2,0,1,0,0,6
11/03/2019,2018,Madrid,M,"D,D+E,A,A2",0,0,3,1,0,0,0,0,4
11/03/2019,2018,Madrid,M,"D1,D1+E,A,",0,0,1,0,0,0,0,0,1
11/03/2019,2018,Madrid,M,Otros,0,84,92,69,27,5,1,0,278
11/03/2019,2018,Madrid,V,A,0,7,53,10,5,0,0,0,75
11/03/2019,2018,Madrid,V,A1,47,6,2,1,0,0,0,0,56
11/03/2019,2018,Madrid,V,A2,0,18,36,6,2,0,0,0,62
11/03/2019,2018,Madrid,V,AM,164,20,11,13,4,0,0,0,212
11/03/2019,2018,Madrid,V,B,0,8.621,4.020,2.219,854,280,67,13,16074
11/03/2019,2018,Madrid,V,"B,A,A2",0,783,2.830,1.457,582,144,15,1,5812
11/03/2019,2018,Madrid,V,"B,A1",0,62,15,15,5,1,1,0,99
11/03/2019,2018,Madrid,V,"B,B+E",0,25,118,127,58,31,10,3,372
11/03/2019,2018,Madrid,V,"B,B+E,A,A2",0,2,64,87,43,17,3,0,216
11/03/2019,2018,Madrid,V,"B,B+E,A1",0,0,0,5,0,0,0,0,5
11/03/2019,2018,Madrid,V,C,0,41,137,107,38,1,0,0,324
11/03/2019,2018,Madrid,V,"C,A,A2",0,9,104,68,28,6,0,0,215
11/03/2019,2018,Madrid,V,"C,A1",0,0,3,0,1,0,0,0,4
11/03/2019,2018,Madrid,V,"C,B+E",0,0,2,3,6,0,0,0,11
11/03/2019,2018,Madrid,V,"C,C+E",0,20,63,38,11,0,0,0,132
11/03/2019,2018,Madrid,V,"C,C+E,A,A2",0,12,55,39,7,1,0,0,114
11/03/2019,2018,Madrid,V,C1,0,1,1,1,2,0,0,0,5
11/03/2019,2018,Madrid,V,"C1,A,A2",0,1,1,1,5,7,0,0,15
11/03/2019,2018,Madrid,V,"C1,C1+E,A,",0,0,0,1,5,1,0,0,7
11/03/2019,2018,Madrid,V,D ,0,4,90,53,28,1,0,0,176
11/03/2019,2018,Madrid,V,"D,A,A2",0,0,60,85,25,2,0,0,172
11/03/2019,2018,Madrid,V,"D,A1",0,0,0,1,0,0,0,0,1
11/03/2019,2018,Madrid,V,"D,B+E",0,0,0,2,0,0,0,0,2
11/03/2019,2018,Madrid,V,"D,B+E,A,A2",0,0,0,0,1,0,0,0,1
11/03/2019,2018,Madrid,V,"D,D+E",0,0,12,15,8,2,0,0,37
11/03/2019,2018,Madrid,V,"D,D+E,A,A2",0,0,28,28,19,7,1,0,83
11/03/2019,2018,Madrid,V,D1,0,2,1,0,0,0,0,0,3
11/03/2019,2018,Madrid,V,"D1,A,A2",0,1,1,0,0,0,0,0,2
11/03/2019,2018,Madrid,V,"D1,D1+E,A,",0,1,0,2,2,1,0,0,6
11/03/2019,2018,Madrid,V,LVA,1,0,0,0,0,0,0,0,1
11/03/2019,2018,Madrid,V,Otros,0,196,261,177,63,19,1,0,717
11/03/2019,2019,Madrid,M,A,0,0,2,4,0,0,0,0,6
11/03/2019,2019,Madrid,M,A1,3,0,0,0,0,0,0,0,3
11/03/2019,2019,Madrid,M,A2,0,3,0,0,0,0,0,0,3
11/03/2019,2019,Madrid,M,AM,20,0,1,0,2,0,1,0,24
11/03/2019,2019,Madrid,M,B,0,1.943,1.039,484,192,47,5,1,3711
11/03/2019,2019,Madrid,M,"B,A,A2",0,18,98,40,19,2,1,0,178
11/03/2019,2019,Madrid,M,"B,A1",0,2,1,1,0,1,0,0,5
11/03/2019,2019,Madrid,M,"B,B+E",0,3,17,18,4,6,1,0,49
11/03/2019,2019,Madrid,M,"B,B+E,A,A2",0,0,1,5,2,0,0,0,8
11/03/2019,2019,Madrid,M,C,0,4,6,5,3,1,0,0,19
11/03/2019,2019,Madrid,M,"C,A,A2",0,0,1,1,0,0,0,0,2
11/03/2019,2019,Madrid,M,"C,A1",0,1,0,0,0,0,0,0,1
11/03/2019,2019,Madrid,M,"C,C+E",0,0,0,1,0,0,0,0,1
11/03/2019,2019,Madrid,M,"C,C+E,A,A2",0,0,1,0,0,0,0,0,1
11/03/2019,2019,Madrid,M,C1,0,0,0,1,0,0,0,0,1
11/03/2019,2019,Madrid,M,D ,0,0,4,8,2,0,0,0,14
11/03/2019,2019,Madrid,M,"D,A,A2",0,1,2,3,0,0,0,0,6
11/03/2019,2019,Madrid,M,"D,D+E",0,0,1,0,1,0,0,0,2
11/03/2019,2019,Madrid,M,D1,0,1,0,0,0,0,0,0,1
11/03/2019,2019,Madrid,M,"D1,D1+E,A,",0,0,0,3,0,0,0,0,3
11/03/2019,2019,Madrid,M,Otros,0,16,27,20,10,1,0,0,74
11/03/2019,2019,Madrid,V,A,0,2,14,3,1,0,0,0,20
11/03/2019,2019,Madrid,V,A1,13,0,1,0,0,1,0,0,15
11/03/2019,2019,Madrid,V,A2,0,10,3,2,1,0,0,0,16
11/03/2019,2019,Madrid,V,AM,39,5,1,0,2,0,0,0,47
11/03/2019,2019,Madrid,V,B,0,1.874,911,451,170,50,16,4,3476
11/03/2019,2019,Madrid,V,"B,A,A2",0,240,589,305,119,34,1,1,1289
11/03/2019,2019,Madrid,V,"B,A1",0,3,3,2,0,0,0,0,8
11/03/2019,2019,Madrid,V,"B,B+E",0,9,25,27,16,4,1,1,83
11/03/2019,2019,Madrid,V,"B,B+E,A,A2",0,0,12,22,13,5,0,0,52
11/03/2019,2019,Madrid,V,C,0,14,32,30,15,2,0,0,93
11/03/2019,2019,Madrid,V,"C,A,A2",0,8,38,12,12,2,0,0,72
11/03/2019,2019,Madrid,V,"C,A1",0,2,0,0,0,0,0,0,2
11/03/2019,2019,Madrid,V,"C,B+E",0,0,1,1,0,0,0,0,2
11/03/2019,2019,Madrid,V,"C,C+E",0,0,10,15,4,0,0,0,29
11/03/2019,2019,Madrid,V,"C,C+E,A,A2",0,3,19,9,4,1,0,0,36
11/03/2019,2019,Madrid,V,"C1,A,A2",0,0,0,1,0,1,0,0,2
11/03/2019,2019,Madrid,V,"C1,C1+E",0,0,0,1,0,0,0,0,1
11/03/2019,2019,Madrid,V,D ,0,2,29,13,8,0,0,0,52
11/03/2019,2019,Madrid,V,"D,A,A2",0,1,27,12,10,1,0,0,51
11/03/2019,2019,Madrid,V,"D,B+E,A,A2",0,0,0,0,1,0,0,0,1
11/03/2019,2019,Madrid,V,"D,D+E",0,0,6,4,1,0,0,0,11
11/03/2019,2019,Madrid,V,"D,D+E,A,A2",0,0,7,8,2,2,0,0,19
11/03/2019,2019,Madrid,V,Otros,0,28,58,34,12,6,1,0,139
